Country;World Bank income group;WHO region;Year;Pneumoccocal conjugate vaccines (PCV3) immunization coverage among 1-year-olds (%);Comments;UHC Service Coverage sub-index on infectious diseases;Skilled health professionals density (per 10 000 population);Per capita government expenditure on health (PPP int. $);
occupied Palestinian territory including east Jerusalem [Eastern Mediterranean];null;null;2017;99.0;null;;;;
Paraguay [Americas];null;null;2020;82.0;null;;;;
Republic of Moldova [Europe];null;null;2015;72.0;null;56.13502;77.06;;
Iceland [Europe];null;null;2017;88.0;null;87.04928;;;
Bulgaria [Europe];null;null;2014;92.0;null;;93.18;763.42328;
Canada [Americas];null;null;2008;42.0;null;;;2849.81209;
Honduras [Americas];null;null;2018;91.0;null;;;;
null;Low-income;null;2010;2.0;null;26.29315;;33.49203;
Canada [Americas];null;null;2006;26.0;null;;;2581.43845;
Bahamas [Americas];null;null;2013;97.0;null;;;714.93416;
Qatar [Eastern Mediterranean];null;null;2018;98.0;null;;;;
Hungary [Europe];null;null;2012;90.0;null;;;1106.3525;
Ghana [Africa];null;null;2018;96.0;null;;;;
Mexico [Americas];null;null;2015;93.0;null;66.52924;48.76;;
Gambia [Africa];null;null;2012;98.0;null;;;58.69814;
Bhutan [South-East Asia];null;null;2020;90.0;null;;;;
Argentina [Americas];null;null;2012;41.0;null;;;667.97695;
Burkina Faso [Africa];null;null;2015;91.0;null;39.89263;;;
Venezuela (Bolivarian Republic of) [Americas];null;null;2016;7.0;null;;;;
Chile [Americas];null;null;2018;93.0;null;;;;
Nigeria [Africa];null;null;2019;57.0;null;42.06163;;;
Belgium [Europe];null;null;2018;94.0;null;;;;
Congo [Africa];null;null;2017;66.0;null;30.55321;;;
Panama [Americas];null;null;2014;91.0;null;;;1228.268;
Gambia [Africa];null;null;2014;96.0;null;;;81.40452;
null;Low-income;null;2020;64.0;null;;;;
C\u00f4te d'Ivoire [Africa];null;null;2015;70.0;null;46.0781;;;
Nepal [South-East Asia];null;null;2020;80.0;null;;;;
Finland [Europe];null;null;2019;89.0;null;85.70617;;;
Solomon Islands [Western Pacific];null;null;2017;81.0;null;49.23127;;;
Greece [Europe];null;null;2015;96.0;null;78.14754;;;
Niue [Western Pacific];null;null;2018;99.0;null;;;;
Uruguay [Americas];null;null;2020;94.0;null;;;;
Mexico [Americas];null;null;2008;14.0;null;;;409.88263;
Nigeria [Africa];null;null;2015;36.0;null;37.40108;;;
Brazil [Americas];null;null;2017;84.0;null;79.21879;;;
null;null;Africa;2018;69.0;null;;;;
Colombia [Americas];null;null;2017;91.0;null;70.34341;;;
Zambia [Africa];null;null;2018;90.0;null;;;;
null;Upper-middle-income;null;2008;1.0;null;;;286.04355;
Cameroon [Africa];null;null;2013;88.0;null;;;28.70882;
Chile [Americas];null;null;2020;89.0;null;;;;
Kuwait [Eastern Mediterranean];null;null;2018;91.0;null;;;;
Iceland [Europe];null;null;2014;90.0;null;;;3145.83693;
Bahrain [Eastern Mediterranean];null;null;2015;98.0;null;65.67626;34.07;;
Sao Tome and Principe [Africa];null;null;2013;97.0;null;;;123.953;
Kuwait [Eastern Mediterranean];null;null;2019;91.0;null;82.01055;;;
Iceland [Europe];null;null;2015;91.0;null;84.04746;190.76;;
Republic of Korea [Western Pacific];null;null;2017;97.0;null;87.34397;;;
Switzerland [Europe];null;null;2019;84.0;null;91.56432;;;
Paraguay [Americas];null;null;2013;90.0;null;;;407.0684;
Costa Rica [Americas];null;null;2020;95.0;null;;;;
Luxembourg [Europe];null;null;2015;95.0;null;83.61115;152.457;;
Turkey [Europe];null;null;2015;97.0;null;79.20967;;;
Bahamas [Americas];null;null;2010;1.0;null;61.95754;;776.30029;
Ecuador [Americas];null;null;2011;71.0;null;;37.5;257.84078;
Switzerland [Europe];null;null;2013;75.0;null;;;4204.5123;
Canada [Americas];null;null;2002;11.0;null;;;2007.60671;
Afghanistan [Eastern Mediterranean];null;null;2017;66.0;null;30.65688;;;
Mali [Africa];null;null;2014;57.0;null;;;24.70346;
Bulgaria [Europe];null;null;2017;91.0;null;63.96664;;;
Guyana [Americas];null;null;2014;97.0;null;;;225.17972;
Morocco [Eastern Mediterranean];null;null;2015;95.0;null;68.01009;;;
occupied Palestinian territory including east Jerusalem [Eastern Mediterranean];null;null;2018;96.0;null;;;;
Singapore [Western Pacific];null;null;2013;60.0;null;;75.619;1392.35884;
Kiribati [Western Pacific];null;null;2015;74.0;null;48.1004;;;
Indonesia [South-East Asia];null;null;2019;3.0;null;50.8314;;;
null;null;Eastern Mediterranean;2011;8.0;null;;;254.94235;
United States of America [Americas];null;null;2015;93.0;null;85.12656;;;
Solomon Islands [Western Pacific];null;null;2019;94.0;null;51.67118;;;
Niue [Western Pacific];null;null;2017;99.0;null;71.94235;;;
Barbados [Americas];null;null;2012;84.0;null;;;756.48837;
null;null;Africa;2017;69.0;null;44.96942;;;
Sweden [Europe];null;null;2008;60.0;null;;;2991.87884;
Panama [Americas];null;null;2010;48.0;null;55.11113;;839.14847;
Kiribati [Western Pacific];null;null;2014;57.0;null;;;149.01867;
Hungary [Europe];null;null;2013;92.0;null;;;1151.49046;
Niue [Western Pacific];null;null;2012;99.0;null;;;808.86619;
Denmark [Europe];null;null;2020;96.0;null;;;;
null;High-income;null;2012;78.0;null;;;2648.84911;
United States of America [Americas];null;null;2019;92.0;null;88.40348;;;
Hungary [Europe];null;null;2019;99.0;null;77.78535;;;
Bolivia (Plurinational State of) [Americas];null;null;2018;83.0;null;;;;
Netherlands [Europe];null;null;2009;96.0;null;;;3963.21813;
Kazakhstan [Europe];null;null;2013;52.0;null;;;506.28934;
Nepal [South-East Asia];null;null;2018;82.0;null;;;;
occupied Palestinian territory including east Jerusalem [Eastern Mediterranean];null;null;2020;99.0;null;;;;
Solomon Islands [Western Pacific];null;null;2020;93.0;null;;;;
Philippines [Western Pacific];null;null;2018;43.0;null;;;;
Niue [Western Pacific];null;null;2015;99.0;null;64.63503;;;
Central African Republic [Africa];null;null;2019;40.0;null;39.07925;;;
Burkina Faso [Africa];null;null;2016;91.0;null;;;;
null;null;Europe;2015;48.0;null;76.92961;;;
Congo [Africa];null;null;2014;85.0;null;;;263.79299;
null;null;Global;2019;49.0;null;70.27616;;;
Honduras [Americas];null;null;2016;94.0;null;;;;
null;null;Eastern Mediterranean;2009;5.0;null;;;266.35048;
Gambia [Africa];null;null;2017;90.0;null;44.75043;;;
France [Europe];null;null;2013;89.0;null;;;3368.35494;
Panama [Americas];null;null;2018;97.0;null;;;;
Lebanon [Eastern Mediterranean];null;null;2017;82.0;null;76.38381;;;
Congo [Africa];null;null;2019;68.0;null;36.5752;;;
Australia [Western Pacific];null;null;2008;91.0;null;;;2399.09629;
New Zealand [Western Pacific];null;null;2017;94.0;null;87.10083;;;
United Arab Emirates [Eastern Mediterranean];null;null;2014;99.0;null;;46.19;1740.10398;
Senegal [Africa];null;null;2018;92.0;null;;;;
null;null;Africa;2008;0.0;null;;;91.42698;
Luxembourg [Europe];null;null;2007;86.0;null;;;4959.28627;
United Republic of Tanzania [Africa];null;null;2015;92.0;null;37.53712;;;
Trinidad and Tobago [Americas];null;null;2016;91.0;null;;;;
Kyrgyzstan [Europe];null;null;2019;96.0;null;73.56057;;;
Panama [Americas];null;null;2017;97.0;null;67.68659;;;
null;null;Europe;2018;78.0;null;;;;
Greece [Europe];null;null;2013;32.0;null;;;1544.64653;
Myanmar [South-East Asia];null;null;2016;14.0;null;;;;
Serbia [Europe];null;null;2018;67.0;null;;;;
Barbados [Americas];null;null;2018;89.0;null;;;;
null;null;Europe;2011;41.0;null;;;1763.73705;
Ecuador [Americas];null;null;2020;76.0;null;;;;
Philippines [Western Pacific];null;null;2020;66.0;null;;;;
null;null;Western Pacific;2017;13.0;null;75.14879;;;
Central African Republic [Africa];null;null;2017;40.0;null;33.50888;;;
Saudi Arabia [Eastern Mediterranean];null;null;2013;98.0;null;;;1576.99431;
Democratic Republic of the Congo [Africa];null;null;2019;58.0;null;43.59972;;;
Benin [Africa];null;null;2011;36.0;null;;;48.1347;
Ghana [Africa];null;null;2014;99.0;null;;;86.99653;
null;null;Africa;2014;48.0;null;;12.79;111.41979;
Guinea-Bissau [Africa];null;null;2019;78.0;null;31.22833;;;
Andorra [Europe];null;null;2016;92.0;null;;;;
Mozambique [Africa];null;null;2014;73.0;null;;;44.76537;
Morocco [Eastern Mediterranean];null;null;2019;98.0;null;80.55191;;;
Azerbaijan [Europe];null;null;2014;64.0;null;;102.73;213.55345;
Brazil [Americas];null;null;2014;93.0;null;;;606.87491;
Indonesia [South-East Asia];null;null;2018;0.0;null;;;;
null;null;South-East Asia;2019;23.0;null;66.28371;;;
France [Europe];null;null;2019;92.0;null;87.55086;;;
Netherlands [Europe];null;null;2019;93.0;null;90.15163;;;
Denmark [Europe];null;null;2010;88.0;null;82.87485;;3868.89607;
Sierra Leone [Africa];null;null;2013;92.0;null;;;32.19685;
Kiribati [Western Pacific];null;null;2019;97.0;null;56.54748;;;
France [Europe];null;null;2017;92.0;null;86.67809;;;
Madagascar [Africa];null;null;2013;76.0;null;;;36.20418;
New Zealand [Western Pacific];null;null;2016;93.0;null;;;;
Guinea-Bissau [Africa];null;null;2015;10.0;null;30.00986;;;
Mexico [Americas];null;null;2011;98.0;null;;;505.43761;
Rwanda [Africa];null;null;2011;97.0;null;;;39.27327;
Iceland [Europe];null;null;2012;86.0;null;;;2842.56646;
Central African Republic [Africa];null;null;2011;8.0;null;;;16.44572;
Hungary [Europe];null;null;2011;84.0;null;;;1135.40427;
Australia [Western Pacific];null;null;2017;94.0;null;88.57901;;;
Peru [Americas];null;null;2013;85.0;null;;;356.26235;
Lesotho [Africa];null;null;2018;87.0;null;;;;
Belgium [Europe];null;null;2012;93.0;null;;;3291.47626;
Ghana [Africa];null;null;2015;88.0;null;31.02338;;;
Armenia [Europe];null;null;2015;44.0;null;56.04089;;;
Rwanda [Africa];null;null;2010;97.0;null;56.19427;7.328;38.11386;
Liberia [Africa];null;null;2014;25.0;null;;;30.93849;
Eritrea [Africa];null;null;2020;95.0;null;;;;
Burkina Faso [Africa];null;null;2020;91.0;null;;;;
Lebanon [Eastern Mediterranean];null;null;2020;74.0;null;;;;
Uruguay [Americas];null;null;2012;93.0;null;;;1116.27765;
Japan [Western Pacific];null;null;2016;99.0;null;;;;
Bahamas [Americas];null;null;2009;3.0;null;;;782.7762;
null;Lower-middle-income;null;2020;45.0;null;;;;
Cyprus [Europe];null;null;2015;81.0;null;76.33457;;;
Mauritania [Africa];null;null;2017;77.0;null;44.86457;;;
Pakistan [Eastern Mediterranean];null;null;2018;81.0;null;;;;
Togo [Africa];null;null;2019;83.0;null;49.93505;;;
Israel [Europe];null;null;2015;94.0;null;81.54969;86.47;;
United States of America [Americas];null;null;2018;92.0;null;;;;
Angola [Africa];null;null;2019;53.0;null;38.69356;;;
Germany [Europe];null;null;2010;85.0;null;82.13183;;3395.99084;
Qatar [Eastern Mediterranean];null;null;2017;98.0;null;83.38161;;;
null;null;Western Pacific;2016;13.0;null;;;;
Palau [Western Pacific];null;null;2011;61.0;null;;;920.40904;
Zambia [Africa];null;null;2016;94.0;null;;9.76;;
Ireland [Europe];null;null;2010;43.0;null;79.07648;;2643.49432;
null;null;Africa;2016;66.0;null;;;;
Canada [Americas];null;null;2010;58.0;null;72.89581;;3176.54442;
Barbados [Americas];null;null;2015;97.0;null;70.92392;;;
Zimbabwe [Africa];null;null;2014;91.0;null;;12.44;43.89822;
Benin [Africa];null;null;2018;73.0;null;;;;
Niger [Africa];null;null;2019;81.0;null;43.5039;;;
Israel [Europe];null;null;2011;92.0;null;;;1393.98984;
Kiribati [Western Pacific];null;null;2013;40.0;null;;48.18;144.06847;
null;null;Global;2020;49.0;null;;;;
Chile [Americas];null;null;2012;82.0;null;;;739.01117;
Zambia [Africa];null;null;2020;85.0;null;;;;
United Arab Emirates [Eastern Mediterranean];null;null;2011;95.0;null;;;1571.57333;
null;Lower-middle-income;null;2014;18.0;null;;;95.37113;
Ghana [Africa];null;null;2019;97.0;null;39.15894;;;
null;High-income;null;2018;90.0;null;;;;
Venezuela (Bolivarian Republic of) [Americas];null;null;2017;0.0;null;65.07686;;;
Papua New Guinea [Western Pacific];null;null;2017;36.0;null;42.50571;;;
Niue [Western Pacific];null;null;2010;99.0;null;50.26616;;868.97236;
South Africa [Africa];null;null;2012;75.0;null;;;533.61919;
Benin [Africa];null;null;2015;72.0;null;39.01393;;;
Venezuela (Bolivarian Republic of) [Americas];null;null;2019;0.0;null;68.90504;;;
Georgia [Europe];null;null;2015;16.0;null;71.48816;;;
Turkey [Europe];null;null;2012;97.0;null;;;751.72121;
Kuwait [Eastern Mediterranean];null;null;2014;94.0;null;;66.779;1993.32421;
Uruguay [Americas];null;null;2019;95.0;null;87.04305;;;
Iraq [Eastern Mediterranean];null;null;2018;33.0;null;;;;
null;null;Europe;2013;45.0;null;;;1838.83253;
Sweden [Europe];null;null;2017;97.0;null;90.72637;;;
Norway [Europe];null;null;2008;86.0;null;;;4456.30169;
Colombia [Americas];null;null;2018;94.0;null;;;;
null;null;Eastern Mediterranean;2014;45.0;null;;25.19;317.49884;
null;High-income;null;2011;76.0;null;;;2581.07869;
null;Lower-middle-income;null;2013;14.0;null;;;88.51017;
Finland [Europe];null;null;2015;92.0;null;88.70949;;;
Micronesia (Federated States of) [Western Pacific];null;null;2015;67.0;null;60.93285;;;
Bulgaria [Europe];null;null;2010;69.0;null;55.30131;;606.03278;
Bahrain [Eastern Mediterranean];null;null;2010;99.0;null;57.60544;;1022.40496;
null;Upper-middle-income;null;2020;34.0;null;;;;
Marshall Islands [Western Pacific];null;null;2012;46.0;null;;40.07;517.71142;
Cameroon [Africa];null;null;2014;83.0;null;;;27.88757;
Central African Republic [Africa];null;null;2015;44.0;null;32.00385;;;
Greece [Europe];null;null;2020;96.0;null;;;;
Nigeria [Africa];null;null;2020;57.0;null;;;;
Sudan [Eastern Mediterranean];null;null;2020;90.0;null;;;;
Haiti [Americas];null;null;2020;51.0;null;;;;
Senegal [Africa];null;null;2015;89.0;null;54.52096;;;
Iceland [Europe];null;null;2019;92.0;null;90.18603;;;
Micronesia (Federated States of) [Western Pacific];null;null;2020;79.0;null;;;;
Morocco [Eastern Mediterranean];null;null;2010;1.0;null;48.75198;;98.09002;
Spain [Europe];null;null;2017;88.0;null;90.04629;;;
Bahrain [Eastern Mediterranean];null;null;2017;97.0;null;68.24599;;;
Bahamas [Americas];null;null;2012;37.0;null;;;765.989;
Bangladesh [South-East Asia];null;null;2016;97.0;null;;;;
Democratic Republic of the Congo [Africa];null;null;2016;58.0;null;;;;
Lesotho [Africa];null;null;2020;87.0;null;;;;
Angola [Africa];null;null;2013;9.0;null;;;218.21323;
null;High-income;null;2016;85.0;null;;;;
Switzerland [Europe];null;null;2015;80.0;null;86.34083;;;
Democratic Republic of the Congo [Africa];null;null;2017;58.0;null;39.0494;;;
Bolivia (Plurinational State of) [Americas];null;null;2016;87.0;null;;;;
Russian Federation [Europe];null;null;2020;87.0;null;;;;
United Arab Emirates [Eastern Mediterranean];null;null;2018;99.0;null;;;;
Lithuania [Europe];null;null;2018;82.0;null;;;;
Niue [Western Pacific];null;null;2016;99.0;null;;;;
Zimbabwe [Africa];null;null;2018;89.0;null;;;;
null;null;Americas;2012;77.0;null;;;1820.35206;
Andorra [Europe];null;null;2015;92.0;null;84.8768;81.31;;
Burundi [Africa];null;null;2016;94.0;null;;;;
Mauritania [Africa];null;null;2019;77.0;null;33.23795;;;
Hungary [Europe];null;null;2017;99.0;null;72.78082;;;
Sierra Leone [Africa];null;null;2018;92.0;null;;;;
Marshall Islands [Western Pacific];null;null;2010;24.0;null;45.89425;;495.95832;
Canada [Americas];null;null;2016;80.0;null;;;;
Ghana [Africa];null;null;2013;89.0;null;;;126.37295;
Angola [Africa];null;null;2020;47.0;null;;;;
Turkey [Europe];null;null;2017;96.0;null;80.96844;;;
Guyana [Americas];null;null;2017;97.0;null;74.82776;;;
Benin [Africa];null;null;2016;73.0;null;;7.51;;
Netherlands [Europe];null;null;2017;93.0;null;89.0316;;;
Switzerland [Europe];null;null;2018;84.0;null;;;;
Brazil [Americas];null;null;2011;82.0;null;;;541.92137;
Finland [Europe];null;null;2011;92.0;null;;;2612.64113;
Portugal [Europe];null;null;2016;73.0;null;;;;
Sao Tome and Principe [Africa];null;null;2014;95.0;null;;;129.61081;
Argentina [Americas];null;null;2016;82.0;null;;;;
Netherlands [Europe];null;null;2010;96.0;null;82.17338;;4073.39107;
null;null;Europe;2009;24.0;null;;;1700.91538;
Mexico [Americas];null;null;2014;94.0;null;;;580.83477;
null;Lower-middle-income;null;2008;0.0;null;;;64.4616;
Uzbekistan [Europe];null;null;2020;93.0;null;;;;
Malawi [Africa];null;null;2017;88.0;null;49.641;;;
Japan [Western Pacific];null;null;2012;98.0;null;;130.941;2994.86226;
Guyana [Americas];null;null;2018;91.0;null;;;;
null;Lower-middle-income;null;2016;32.0;null;;;;
Finland [Europe];null;null;2018;88.0;null;;;;
Eswatini [Africa];null;null;2020;83.0;null;;;;
Lithuania [Europe];null;null;2020;83.0;null;;;;
Djibouti [Eastern Mediterranean];null;null;2020;70.0;null;;;;
Marshall Islands [Western Pacific];null;null;2017;72.0;null;66.74692;;;
Namibia [Africa];null;null;2019;57.0;null;57.78709;;;
Kenya [Africa];null;null;2015;75.0;null;46.69779;;;
Barbados [Americas];null;null;2020;86.0;null;;;;
New Zealand [Western Pacific];null;null;2014;93.0;null;;135.701;3308.99358;
null;null;Eastern Mediterranean;2016;50.0;null;;;;
null;null;Eastern Mediterranean;2015;50.0;null;40.5696;;;
Bolivia (Plurinational State of) [Americas];null;null;2017;83.0;null;56.37078;;;
null;null;Eastern Mediterranean;2017;54.0;null;47.28633;;;
Poland [Europe];null;null;2018;60.0;null;;;;
Mauritania [Africa];null;null;2020;70.0;null;;;;
Switzerland [Europe];null;null;2009;25.0;null;;;3417.15397;
Denmark [Europe];null;null;2014;93.0;null;;206.69;4053.47395;
Senegal [Africa];null;null;2016;93.0;null;;3.78;;
Ireland [Europe];null;null;2020;86.0;null;;;;
Benin [Africa];null;null;2012;67.0;null;;;36.95795;
Palau [Western Pacific];null;null;2015;95.0;null;65.03572;;;
Israel [Europe];null;null;2017;94.0;null;82.10836;;;
Finland [Europe];null;null;2010;92.0;null;88.50052;;2470.89456;
Nigeria [Africa];null;null;2016;49.0;null;;;;
Democratic Republic of the Congo [Africa];null;null;2011;9.0;null;;;7.74686;
South Africa [Africa];null;null;2011;62.0;null;;;501.46463;
Russian Federation [Europe];null;null;2016;35.0;null;;;;
Latvia [Europe];null;null;2018;84.0;null;;;;
Switzerland [Europe];null;null;2012;62.0;null;;;3994.26313;
Liberia [Africa];null;null;2019;68.0;null;38.94219;;;
null;Low-income;null;2016;62.0;null;;;;
Albania [Europe];null;null;2019;96.0;null;72.35767;;;
Belgium [Europe];null;null;2017;94.0;null;88.75929;;;
Rwanda [Africa];null;null;2016;98.0;null;;;;
Pakistan [Eastern Mediterranean];null;null;2016;78.0;null;;;;
Chile [Americas];null;null;2011;54.0;null;;;676.58588;
Luxembourg [Europe];null;null;2012;95.0;null;;;5459.20191;
Mauritius [Africa];null;null;2017;84.0;null;53.09648;;;
null;High-income;null;2013;79.0;null;;;2716.52939;
Angola [Africa];null;null;2017;52.0;null;40.63738;;;
Botswana [Africa];null;null;2015;93.0;null;70.49366;;;
United States of America [Americas];null;null;2020;82.0;null;;;;
null;High-income;null;2009;50.0;null;;;2441.55601;
null;null;Americas;2013;79.0;null;;;1881.98736;
null;null;Americas;2009;34.0;null;;;1678.78171;
Serbia [Europe];null;null;2019;99.0;null;82.39757;;;
Azerbaijan [Europe];null;null;2018;95.0;null;;;;
Switzerland [Europe];null;null;2011;50.0;null;;;3737.05552;
Bahrain [Eastern Mediterranean];null;null;2012;99.0;null;;;1131.96041;
Solomon Islands [Western Pacific];null;null;2018;84.0;null;;;;
Togo [Africa];null;null;2020;82.0;null;;;;
null;null;Global;2016;41.0;null;;;;
Colombia [Americas];null;null;2010;22.0;null;49.90386;22.235;531.39983;
Argentina [Americas];null;null;2014;89.0;null;;;630.33612;
Italy [Europe];null;null;2020;91.0;null;;;;
Zambia [Africa];null;null;2015;81.0;null;48.36393;;;
Micronesia (Federated States of) [Western Pacific];null;null;2012;60.0;null;;;403.67214;
null;null;Europe;2008;8.0;null;;;1596.4478;
Malawi [Africa];null;null;2015;88.0;null;37.76707;;;
Republic of Moldova [Europe];null;null;2014;28.0;null;;78.498;264.18596;
null;null;Africa;2009;0.0;null;;14.07;98.065;
Palau [Western Pacific];null;null;2009;18.0;null;;;812.49304;
null;null;South-East Asia;2011;0.0;null;;;70.35616;
Trinidad and Tobago [Americas];null;null;2013;80.0;null;;;952.3197;
Pakistan [Eastern Mediterranean];null;null;2014;68.0;null;;14.105;45.34052;
Andorra [Europe];null;null;2020;96.0;null;;;;
Gambia [Africa];null;null;2010;99.0;null;28.56789;;55.66612;
Guatemala [Americas];null;null;2015;82.0;null;63.17021;;;
Kazakhstan [Europe];null;null;2014;58.0;null;;116.83;580.60205;
Fiji [Western Pacific];null;null;2016;99.0;null;;;;
Qatar [Eastern Mediterranean];null;null;2013;99.0;null;;;2521.22274;
Lao People's Democratic Republic [Western Pacific];null;null;2016;78.0;null;;;;
Central African Republic [Africa];null;null;2020;40.0;null;;;;
Botswana [Africa];null;null;2019;92.0;null;70.95323;;;
Eswatini [Africa];null;null;2015;90.0;null;62.81649;;;
Guatemala [Americas];null;null;2014;51.0;null;;;177.995;
Afghanistan [Eastern Mediterranean];null;null;2015;65.0;null;22.10445;;;
Sierra Leone [Africa];null;null;2015;86.0;null;30.7542;;;
Dominican Republic [Americas];null;null;2018;70.0;null;;;;
Trinidad and Tobago [Americas];null;null;2019;93.0;null;84.50148;;;
Rwanda [Africa];null;null;2012;98.0;null;;;42.82128;
Brazil [Americas];null;null;2016;84.0;null;;;;
South Africa [Africa];null;null;2017;78.0;null;64.51358;;;
Marshall Islands [Western Pacific];null;null;2018;67.0;null;;;;
Sweden [Europe];null;null;2018;97.0;null;;;;
Seychelles [Africa];null;null;2018;16.0;null;;;;
Ecuador [Americas];null;null;2012;94.0;null;;;309.50045;
Cambodia [Western Pacific];null;null;2020;90.0;null;;;;
Colombia [Americas];null;null;2016;89.0;null;;;;
Oman [Eastern Mediterranean];null;null;2017;99.0;null;72.87681;;;
Hungary [Europe];null;null;2014;93.0;null;;98.839;1205.25172;
Lao People's Democratic Republic [Western Pacific];null;null;2015;74.0;null;43.12617;;;
El Salvador [Americas];null;null;2012;94.0;null;;;330.785;
Singapore [Western Pacific];null;null;2017;83.0;null;84.37005;;;
Greece [Europe];null;null;2014;96.0;null;;96.47;1293.73173;
Sierra Leone [Africa];null;null;2019;94.0;null;38.86514;;;
null;null;South-East Asia;2016;9.0;null;;;;
Canada [Americas];null;null;2007;34.0;null;;;2718.19606;
Cambodia [Western Pacific];null;null;2018;84.0;null;;;;
Madagascar [Africa];null;null;2020;65.0;null;;;;
Morocco [Eastern Mediterranean];null;null;2011;23.0;null;;;140.08557;
Namibia [Africa];null;null;2017;67.0;null;54.42916;;;
Gambia [Africa];null;null;2019;87.0;null;48.85426;;;
Fiji [Western Pacific];null;null;2015;99.0;null;57.98808;37.75;;
Trinidad and Tobago [Americas];null;null;2015;93.0;null;78.35084;;;
Morocco [Eastern Mediterranean];null;null;2014;90.0;null;;14.9;151.30424;
Madagascar [Africa];null;null;2016;65.0;null;;;;
Slovenia [Europe];null;null;2018;60.0;null;;;;
Japan [Western Pacific];null;null;2020;95.0;null;;;;
Nicaragua [Americas];null;null;2014;98.0;null;;22.98;250.62509;
Kenya [Africa];null;null;2011;85.0;null;;;68.8082;
null;null;South-East Asia;2020;27.0;null;;;;
Sweden [Europe];null;null;2019;97.0;null;92.61962;;;
Philippines [Western Pacific];null;null;2015;17.0;null;44.64158;;;
New Zealand [Western Pacific];null;null;2010;89.0;null;78.87244;;2889.77016;
Iraq [Eastern Mediterranean];null;null;2017;33.0;null;41.3966;;;
Bahamas [Americas];null;null;2018;90.0;null;;;;
Oman [Eastern Mediterranean];null;null;2014;98.0;null;;48.859;1294.39634;
Libya [Eastern Mediterranean];null;null;2019;73.0;null;65.02162;;;
Bahrain [Eastern Mediterranean];null;null;2009;96.0;null;;;1081.32677;
Gambia [Africa];null;null;2011;95.0;null;;;57.24103;
Mali [Africa];null;null;2013;59.0;null;;;17.10215;
Peru [Americas];null;null;2018;82.0;null;;;;
Fiji [Western Pacific];null;null;2017;99.0;null;60.82145;;;
Belgium [Europe];null;null;2019;94.0;null;89.45055;;;
Republic of Moldova [Europe];null;null;2018;85.0;null;;;;
New Zealand [Western Pacific];null;null;2020;92.0;null;;;;
Yemen [Eastern Mediterranean];null;null;2017;68.0;null;44.88622;;;
Mexico [Americas];null;null;2013;84.0;null;;45.799;553.64988;
Turkey [Europe];null;null;2009;97.0;null;;;718.29923;
India [South-East Asia];null;null;2020;21.0;null;;;;
Switzerland [Europe];null;null;2007;1.0;null;;;2714.07735;
New Zealand [Western Pacific];null;null;2009;87.0;null;;;2850.35159;
Australia [Western Pacific];null;null;2014;91.0;null;;;2921.05333;
Kuwait [Eastern Mediterranean];null;null;2012;99.0;null;;;1715.96542;
null;Upper-middle-income;null;2017;35.0;null;73.75382;;;
Japan [Western Pacific];null;null;2018;98.0;null;;;;
Netherlands [Europe];null;null;2018;93.0;null;;;;
null;null;Africa;2010;3.0;null;28.90885;;90.05874;
occupied Palestinian territory including east Jerusalem [Eastern Mediterranean];null;null;2014;99.0;null;;;;
Netherlands [Europe];null;null;2015;94.0;null;87.74229;139.84;;
null;Low-income;null;2011;10.0;null;;;36.06864;
Sao Tome and Principe [Africa];null;null;2019;95.0;null;64.15694;;;
Cambodia [Western Pacific];null;null;2017;82.0;null;65.69933;;;
Colombia [Americas];null;null;2014;89.0;null;;29.01;722.61401;
Israel [Europe];null;null;2012;93.0;null;;;1538.72724;
Latvia [Europe];null;null;2020;91.0;null;;;;
Mexico [Americas];null;null;2019;86.0;null;72.47877;;;
Denmark [Europe];null;null;2018;96.0;null;;;;
null;null;Europe;2020;79.0;null;;;;
Eswatini [Africa];null;null;2017;87.0;null;68.77207;;;
Israel [Europe];null;null;2014;94.0;null;;88.827;1581.68527;
Zimbabwe [Africa];null;null;2016;90.0;null;;;;
null;null;Global;2008;4.0;null;;;570.71972;
Lesotho [Africa];null;null;2017;87.0;null;53.62301;;;
Botswana [Africa];null;null;2014;95.0;null;;;513.92302;
Turkey [Europe];null;null;2020;95.0;null;;;;
Nicaragua [Americas];null;null;2020;92.0;null;;;;
null;null;Global;2011;16.0;null;;;658.9196;
Peru [Americas];null;null;2015;90.0;null;68.29237;;;
Denmark [Europe];null;null;2011;90.0;null;;;3931.01452;
Italy [Europe];null;null;2008;60.0;null;;;2412.832;
Angola [Africa];null;null;2018;59.0;null;;;;
Micronesia (Federated States of) [Western Pacific];null;null;2017;65.0;null;67.98908;;;
Germany [Europe];null;null;2013;84.0;null;;;3712.82617;
Ireland [Europe];null;null;2012;91.0;null;;;2577.21164;
Micronesia (Federated States of) [Western Pacific];null;null;2011;63.0;null;;;425.81453;
Papua New Guinea [Western Pacific];null;null;2015;20.0;null;41.50278;;;
Burundi [Africa];null;null;2017;91.0;null;56.78243;;;
Kuwait [Eastern Mediterranean];null;null;2011;99.0;null;;;1721.23156;
United States of America [Americas];null;null;2016;93.0;null;;;;
Azerbaijan [Europe];null;null;2019;95.0;null;73.72651;;;
Namibia [Africa];null;null;2016;84.0;null;;;;
Costa Rica [Americas];null;null;2017;96.0;null;77.10989;;;
Zimbabwe [Africa];null;null;2020;86.0;null;;;;
Kuwait [Eastern Mediterranean];null;null;2015;99.0;null;76.6348;96.55;;
Oman [Eastern Mediterranean];null;null;2012;99.0;null;;;885.24013;
Peru [Americas];null;null;2016;86.0;null;;;;
Sierra Leone [Africa];null;null;2011;75.0;null;;;36.77993;
Japan [Western Pacific];null;null;2011;98.0;null;;;2854.88198;
El Salvador [Americas];null;null;2016;90.0;null;;;;
Ireland [Europe];null;null;2017;91.0;null;84.86428;;;
null;null;South-East Asia;2012;0.0;null;;24.59;76.7804;
Sweden [Europe];null;null;2014;96.0;null;;160.64;4385.43057;
Australia [Western Pacific];null;null;2009;91.0;null;;;2586.68733;
Ethiopia [Africa];null;null;2011;12.0;null;;;43.52266;
Qatar [Eastern Mediterranean];null;null;2011;98.0;null;;;2018.58209;
null;null;South-East Asia;2013;0.0;null;;;84.95475;
Myanmar [South-East Asia];null;null;2017;89.0;null;68.05339;;;
Botswana [Africa];null;null;2012;52.0;null;;31.11;554.14357;
Oman [Eastern Mediterranean];null;null;2011;99.0;null;;;886.59708;
Sierra Leone [Africa];null;null;2012;92.0;null;;;31.5633;
United States of America [Americas];null;null;2009;93.0;null;;;3782.58585;
Canada [Americas];null;null;2015;80.0;null;85.61651;123.82;;
Japan [Western Pacific];null;null;2014;98.0;null;;136.08;3115.08306;
Honduras [Americas];null;null;2020;80.0;null;;;;
null;null;South-East Asia;2008;0.0;null;;;56.92103;
null;High-income;null;2014;80.0;null;;;2825.25057;
Barbados [Americas];null;null;2017;89.0;null;74.05792;;;
Paraguay [Americas];null;null;2012;82.0;null;;23.34;342.30841;
Oman [Eastern Mediterranean];null;null;2019;99.0;null;76.71421;;;
Trinidad and Tobago [Americas];null;null;2018;99.0;null;;;;
Australia [Western Pacific];null;null;2020;97.0;null;;;;
Ghana [Africa];null;null;2020;95.0;null;;;;
Kenya [Africa];null;null;2018;92.0;null;;;;
Israel [Europe];null;null;2013;94.0;null;;;1582.68858;
null;High-income;null;2020;86.0;null;;;;
Nicaragua [Americas];null;null;2012;98.0;null;;;190.28526;
Bahrain [Eastern Mediterranean];null;null;2019;97.0;null;68.73774;;;
Saudi Arabia [Eastern Mediterranean];null;null;2010;98.0;null;83.99769;;982.00374;
Niue [Western Pacific];null;null;2014;99.0;null;;;872.12437;
Central African Republic [Africa];null;null;2012;47.0;null;;;16.42451;
null;Lower-middle-income;null;2009;0.0;null;;;69.33561;
Bangladesh [South-East Asia];null;null;2015;48.0;null;33.48662;7.38;;
United Arab Emirates [Eastern Mediterranean];null;null;2015;99.0;null;85.35469;;;
Nigeria [Africa];null;null;2018;55.0;null;;;;
Saudi Arabia [Eastern Mediterranean];null;null;2014;98.0;null;;77.74;1837.75631;
Libya [Eastern Mediterranean];null;null;2020;73.0;null;;;;
null;null;Americas;2018;82.0;null;;;;
Ireland [Europe];null;null;2019;86.0;null;87.52544;;;
Botswana [Africa];null;null;2013;72.0;null;;;536.52737;
Turkey [Europe];null;null;2013;97.0;null;;;790.24472;
Benin [Africa];null;null;2019;73.0;null;36.92205;;;
Qatar [Eastern Mediterranean];null;null;2015;95.0;null;61.11444;;;
Lebanon [Eastern Mediterranean];null;null;2019;82.0;null;82.25255;;;
Bulgaria [Europe];null;null;2012;94.0;null;;;636.74617;
Costa Rica [Americas];null;null;2012;89.0;null;;;968.34879;
Canada [Americas];null;null;2019;84.0;null;86.3923;;;
null;Lower-middle-income;null;2015;26.0;null;45.57162;;;
Burundi [Africa];null;null;2015;94.0;null;51.63002;;;
Rwanda [Africa];null;null;2014;98.0;null;;;47.64794;
Kuwait [Eastern Mediterranean];null;null;2010;98.0;null;72.89887;;1685.4947;
Botswana [Africa];null;null;2017;89.0;null;78.33345;;;
Netherlands [Europe];null;null;2013;96.0;null;;;4501.57199;
Cameroon [Africa];null;null;2020;69.0;null;;;;
Peru [Americas];null;null;2010;83.0;null;57.95476;;270.42833;
Cambodia [Western Pacific];null;null;2019;89.0;null;69.56472;;;
null;null;South-East Asia;2017;12.0;null;54.89733;;;
Kazakhstan [Europe];null;null;2017;98.0;null;74.55765;;;
United States of America [Americas];null;null;2008;93.0;null;;;3580.43436;
Chile [Americas];null;null;2019;95.0;null;84.44348;;;
Marshall Islands [Western Pacific];null;null;2009;49.0;null;;;514.29356;
Bahrain [Eastern Mediterranean];null;null;2011;99.0;null;;;945.70806;
Norway [Europe];null;null;2013;93.0;null;;;5288.56214;
Australia [Western Pacific];null;null;2016;94.0;null;;;;
Marshall Islands [Western Pacific];null;null;2016;65.0;null;;;;
France [Europe];null;null;2011;89.0;null;;;3277.21813;
South Africa [Africa];null;null;2020;83.0;null;;;;
null;null;Americas;2011;69.0;null;;;1778.51964;
null;null;Western Pacific;2008;1.0;null;;;377.73289;
null;Low-income;null;2013;32.0;null;;;36.18008;
Barbados [Americas];null;null;2010;78.0;null;64.18073;;602.76846;
Paraguay [Americas];null;null;2017;93.0;null;70.50803;;;
South Africa [Africa];null;null;2019;86.0;null;67.5398;;;
United States of America [Americas];null;null;2010;93.0;null;79.44016;;3926.40521;
Argentina [Americas];null;null;2015;82.0;null;78.12968;;;
Ecuador [Americas];null;null;2016;84.0;null;;;;
Mongolia [Western Pacific];null;null;2017;13.0;null;39.87412;;;
Sao Tome and Principe [Africa];null;null;2018;95.0;null;;;;
Republic of Korea [Western Pacific];null;null;2015;97.0;null;85.34565;;;
Sierra Leone [Africa];null;null;2017;90.0;null;37.40059;;;
Bahrain [Eastern Mediterranean];null;null;2018;98.0;null;;;;
Peru [Americas];null;null;2019;80.0;null;79.21334;;;
Australia [Western Pacific];null;null;2007;91.0;null;;;2307.08487;
Indonesia [South-East Asia];null;null;2020;4.0;null;;;;
Turkey [Europe];null;null;2011;96.0;null;;;748.90741;
Costa Rica [Americas];null;null;2010;94.0;null;71.53241;;879.6944;
Niger [Africa];null;null;2018;79.0;null;;;;
Botswana [Africa];null;null;2020;90.0;null;;;;
Belgium [Europe];null;null;2016;94.0;null;;;;
null;null;Europe;2017;73.0;null;80.82573;;;
Spain [Europe];null;null;2020;88.0;null;;;;
Sweden [Europe];null;null;2009;98.0;null;;;3048.87202;
Kazakhstan [Europe];null;null;2019;89.0;null;80.85057;;;
Kiribati [Western Pacific];null;null;2017;91.0;null;54.05634;;;
Norway [Europe];null;null;2017;94.0;null;86.10508;;;
Albania [Europe];null;null;2011;99.0;null;;;276.45014;
Germany [Europe];null;null;2007;41.0;null;;;2842.4912;
Guinea-Bissau [Africa];null;null;2018;82.0;null;;;;
Haiti [Americas];null;null;2019;42.0;null;56.69969;;;
Albania [Europe];null;null;2015;99.0;null;69.80451;;;
Israel [Europe];null;null;2018;95.0;null;;;;
Slovenia [Europe];null;null;2017;55.0;null;86.13507;;;
Seychelles [Africa];null;null;2019;92.0;null;82.70581;;;
Zimbabwe [Africa];null;null;2012;21.0;null;;;46.51758;
null;null;Americas;2015;85.0;null;76.27856;;;
null;null;Eastern Mediterranean;2019;54.0;null;52.03211;;;
Kazakhstan [Europe];null;null;2016;97.0;null;;;;
Bulgaria [Europe];null;null;2020;85.0;null;;;;
Niger [Africa];null;null;2014;13.0;null;;;29.55923;
null;Lower-middle-income;null;2011;3.0;null;;;73.75743;
Bulgaria [Europe];null;null;2015;90.0;null;60.59492;;;
Nicaragua [Americas];null;null;2015;98.0;null;58.9252;;;
Morocco [Eastern Mediterranean];null;null;2012;72.0;null;;;150.87968;
Marshall Islands [Western Pacific];null;null;2011;35.0;null;;;500.66179;
Sudan [Eastern Mediterranean];null;null;2015;93.0;null;31.242;;;
Philippines [Western Pacific];null;null;2016;36.0;null;;;;
Dominican Republic [Americas];null;null;2015;22.0;null;61.96521;;;
Afghanistan [Eastern Mediterranean];null;null;2014;49.0;null;;6.645;59.68584;
Canada [Americas];null;null;2013;79.0;null;;;3283.97987;
Guinea-Bissau [Africa];null;null;2016;83.0;null;;;;
Ecuador [Americas];null;null;2014;86.0;null;;;511.66252;
Niger [Africa];null;null;2020;81.0;null;;;;
Iceland [Europe];null;null;2018;90.0;null;;;;
Ethiopia [Africa];null;null;2017;64.0;null;29.70566;;;
Slovakia [Europe];null;null;2019;96.0;null;84.11114;;;
Lithuania [Europe];null;null;2016;82.0;null;;;;
Libya [Eastern Mediterranean];null;null;2018;72.0;null;;;;
Djibouti [Eastern Mediterranean];null;null;2018;84.0;null;;;;
Sudan [Eastern Mediterranean];null;null;2019;93.0;null;41.05823;;;
Togo [Africa];null;null;2017;83.0;null;47.3771;;;
Angola [Africa];null;null;2016;55.0;null;;;;
Denmark [Europe];null;null;2013;90.0;null;;204.584;4143.83382;
Algeria [Africa];null;null;2017;89.0;null;81.78078;;;
Ethiopia [Africa];null;null;2012;30.0;null;;;41.58453;
United States of America [Americas];null;null;2006;87.0;null;;;3210.20184;
Georgia [Europe];null;null;2017;80.0;null;73.64344;;;
Uruguay [Americas];null;null;2014;95.0;null;;;1276.33827;
Yemen [Eastern Mediterranean];null;null;2013;73.0;null;;;51.52267;
Gambia [Africa];null;null;2016;95.0;null;;;;
null;Upper-middle-income;null;2011;23.0;null;;;386.17056;
Denmark [Europe];null;null;2016;94.0;null;;;;
Burundi [Africa];null;null;2012;96.0;null;;;36.52698;
Saudi Arabia [Eastern Mediterranean];null;null;2011;98.0;null;;;1184.89873;
Italy [Europe];null;null;2012;82.0;null;;;2489.68679;
Sierra Leone [Africa];null;null;2020;91.0;null;;;;
Uganda [Africa];null;null;2016;77.0;null;;;;
Finland [Europe];null;null;2013;92.0;null;;174.467;2757.16495;
Bolivia (Plurinational State of) [Americas];null;null;2015;86.0;null;50.72858;;;
Nicaragua [Americas];null;null;2013;98.0;null;;;206.99458;
Netherlands [Europe];null;null;2011;96.0;null;;;4224.40959;
Qatar [Eastern Mediterranean];null;null;2014;94.0;null;;76.65;2633.52305;
null;null;Western Pacific;2018;14.0;null;;;;
null;Low-income;null;2012;20.0;null;;;36.11703;
United Kingdom of Great Britain and Northern Ireland [Europe];null;null;2014;93.0;null;;;2807.62118;
Saudi Arabia [Eastern Mediterranean];null;null;2015;98.0;null;79.55547;;;
Togo [Africa];null;null;2016;82.0;null;;;;
Latvia [Europe];null;null;2011;76.0;null;;;527.60648;
Mali [Africa];null;null;2016;76.0;null;;;;
Oman [Eastern Mediterranean];null;null;2013;99.0;null;;;984.57107;
Germany [Europe];null;null;2018;84.0;null;;;;
null;null;Western Pacific;2014;9.0;null;;65.34;635.13432;
France [Europe];null;null;2015;91.0;null;85.85482;138.315;;
null;null;Americas;2019;82.0;null;80.72233;;;
Norway [Europe];null;null;2011;92.0;null;;;4874.09473;
Guyana [Americas];null;null;2011;50.0;null;;;277.81668;
Germany [Europe];null;null;2006;15.0;null;;;2725.83651;
Nepal [South-East Asia];null;null;2016;46.0;null;;;;
Rwanda [Africa];null;null;2020;91.0;null;;;;
Canada [Americas];null;null;2009;50.0;null;;;3081.96891;
Guinea-Bissau [Africa];null;null;2017;79.0;null;31.4755;;;
El Salvador [Americas];null;null;2017;87.0;null;68.02796;;;
Cameroon [Africa];null;null;2017;72.0;null;51.29902;;;
Republic of Moldova [Europe];null;null;2013;1.0;null;;;236.01674;
Norway [Europe];null;null;2016;94.0;null;;;;
Morocco [Eastern Mediterranean];null;null;2016;98.0;null;;;;
Sao Tome and Principe [Africa];null;null;2017;95.0;null;62.82588;;;
Honduras [Americas];null;null;2015;99.0;null;65.93077;;;
Japan [Western Pacific];null;null;2019;97.0;null;91.43747;;;
Belgium [Europe];null;null;2014;93.0;null;;127.827;3419.67584;
New Zealand [Western Pacific];null;null;2015;93.0;null;84.05079;143.0;;
Portugal [Europe];null;null;2018;98.0;null;;;;
Qatar [Eastern Mediterranean];null;null;2010;97.0;null;20.56367;;2000.5842;
Rwanda [Africa];null;null;2015;98.0;null;66.67578;8.96;;
Paraguay [Americas];null;null;2015;90.0;null;62.96587;;;
Zambia [Africa];null;null;2014;77.0;null;;;107.75476;
Morocco [Eastern Mediterranean];null;null;2017;99.0;null;74.02509;;;
Saudi Arabia [Eastern Mediterranean];null;null;2009;98.0;null;;;1168.21262;
Luxembourg [Europe];null;null;2013;95.0;null;;;5494.54423;
Haiti [Americas];null;null;2018;12.0;null;;;;
Uzbekistan [Europe];null;null;2019;99.0;null;70.66425;;;
Central African Republic [Africa];null;null;2013;23.0;null;;;11.31344;
null;null;Western Pacific;2015;11.0;null;66.49524;;;
Panama [Americas];null;null;2011;63.0;null;;;840.3685;
Burkina Faso [Africa];null;null;2018;91.0;null;;;;
Greece [Europe];null;null;2018;96.0;null;;;;
Latvia [Europe];null;null;2019;84.0;null;69.28383;;;
Slovakia [Europe];null;null;2010;99.0;null;66.02404;;1389.18923;
Rwanda [Africa];null;null;2017;98.0;null;73.61168;;;
Papua New Guinea [Western Pacific];null;null;2019;35.0;null;45.61893;;;
Oman [Eastern Mediterranean];null;null;2010;99.0;null;61.90373;;1041.46244;
Malawi [Africa];null;null;2019;95.0;null;54.0263;;;
Brazil [Americas];null;null;2019;84.0;null;81.36829;;;
null;Lower-middle-income;null;2017;36.0;null;52.05595;;;
Libya [Eastern Mediterranean];null;null;2017;94.0;null;65.54261;;;
Ireland [Europe];null;null;2016;91.0;null;;151.98;;
Slovakia [Europe];null;null;2012;99.0;null;;;1439.53132;
Bolivia (Plurinational State of) [Americas];null;null;2020;68.0;null;;;;
Slovakia [Europe];null;null;2020;96.0;null;;;;
Niger [Africa];null;null;2015;49.0;null;34.4975;;;
Nicaragua [Americas];null;null;2011;61.0;null;;;172.39921;
Congo [Africa];null;null;2018;73.0;null;;;;
C\u00f4te d'Ivoire [Africa];null;null;2019;84.0;null;52.17896;;;
Luxembourg [Europe];null;null;2009;86.0;null;;;5584.02921;
Fiji [Western Pacific];null;null;2013;87.0;null;;;225.07947;
Kyrgyzstan [Europe];null;null;2018;92.0;null;;;;
Cameroon [Africa];null;null;2019;67.0;null;54.37553;;;
Papua New Guinea [Western Pacific];null;null;2020;39.0;null;;;;
United States of America [Americas];null;null;2012;92.0;null;;;4154.01977;
Mongolia [Western Pacific];null;null;2019;49.0;null;40.49253;;;
Mozambique [Africa];null;null;2020;65.0;null;;;;
New Zealand [Western Pacific];null;null;2011;92.0;null;;;3009.98446;
Chile [Americas];null;null;2015;90.0;null;76.78492;;;
Brazil [Americas];null;null;2012;88.0;null;;;557.26615;
Uruguay [Americas];null;null;2013;93.0;null;;;1212.22725;
Iceland [Europe];null;null;2016;90.0;null;;;;
Latvia [Europe];null;null;2016;84.0;null;;;;
Portugal [Europe];null;null;2019;98.0;null;90.24068;;;
Pakistan [Eastern Mediterranean];null;null;2019;81.0;null;36.2729;;;
Niger [Africa];null;null;2016;76.0;null;;;;
Saudi Arabia [Eastern Mediterranean];null;null;2019;96.0;null;83.69694;;;
United Kingdom of Great Britain and Northern Ireland [Europe];null;null;2016;92.0;null;;112.46;;
Mali [Africa];null;null;2012;58.0;null;;;35.21433;
Albania [Europe];null;null;2018;98.0;null;;;;
Costa Rica [Americas];null;null;2019;95.0;null;79.33885;;;
Kyrgyzstan [Europe];null;null;2020;90.0;null;;;;
Brazil [Americas];null;null;2013;94.0;null;;92.96;601.90098;
Bulgaria [Europe];null;null;2019;88.0;null;70.4037;;;
Cameroon [Africa];null;null;2011;23.0;null;;;34.81063;
Denmark [Europe];null;null;2015;91.0;null;88.21095;;;
Sweden [Europe];null;null;2011;98.0;null;;;4139.9947;
Ethiopia [Africa];null;null;2013;48.0;null;;;40.56212;
Philippines [Western Pacific];null;null;2017;36.0;null;52.48849;;;
Albania [Europe];null;null;2013;99.0;null;;No data;282.87228;
Lesotho [Africa];null;null;2015;29.0;null;46.46626;;;
Democratic Republic of the Congo [Africa];null;null;2015;66.0;null;31.1479;;;
Bahamas [Americas];null;null;2015;95.0;null;73.82871;;;
Qatar [Eastern Mediterranean];null;null;2012;92.0;null;;;2425.60714;
Mozambique [Africa];null;null;2016;80.0;null;;;;
Republic of Moldova [Europe];null;null;2020;72.0;null;;;;
Sweden [Europe];null;null;2016;97.0;null;;;;
United Kingdom of Great Britain and Northern Ireland [Europe];null;null;2019;91.0;null;93.25363;;;
Madagascar [Africa];null;null;2017;62.0;null;19.65834;;;
Singapore [Western Pacific];null;null;2018;82.0;null;;;;
null;null;Africa;2011;12.0;null;;;99.46836;
Lesotho [Africa];null;null;2019;87.0;null;57.47364;;;
Australia [Western Pacific];null;null;2013;91.0;null;;157.177;2854.1462;
Libya [Eastern Mediterranean];null;null;2015;71.0;null;57.04778;;;
Canada [Americas];null;null;2004;7.0;null;;;2273.11722;
null;null;Eastern Mediterranean;2020;52.0;null;;;;
Slovakia [Europe];null;null;2011;99.0;null;;;1392.44669;
Malawi [Africa];null;null;2020;93.0;null;;;;
null;null;Africa;2019;70.0;null;47.22873;;;
Canada [Americas];null;null;2018;81.0;null;;;;
India [South-East Asia];null;null;2018;6.0;null;;;;
Nepal [South-East Asia];null;null;2019;83.0;null;59.56988;;;
Panama [Americas];null;null;2016;94.0;null;;;;
Canada [Americas];null;null;2020;84.0;null;;;;
Italy [Europe];null;null;2009;66.0;null;;;2480.88417;
Uganda [Africa];null;null;2014;60.0;null;;;33.06837;
null;null;Europe;2012;44.0;null;;;1806.03555;
Kazakhstan [Europe];null;null;2012;37.0;null;;;526.25859;
Argentina [Americas];null;null;2017;76.0;null;79.90023;;;
Japan [Western Pacific];null;null;2017;99.0;null;88.86252;;;
null;null;Americas;2008;28.0;null;;;1569.64248;
Botswana [Africa];null;null;2016;91.0;null;;;;
United States of America [Americas];null;null;2011;94.0;null;;;4034.82344;
Ethiopia [Africa];null;null;2018;63.0;null;;;;
Luxembourg [Europe];null;null;2010;86.0;null;78.7094;;5597.84949;
Palau [Western Pacific];null;null;2018;82.0;null;;;;
Argentina [Americas];null;null;2018;88.0;null;;;;
Ethiopia [Africa];null;null;2015;57.0;null;32.09423;;;
Uruguay [Americas];null;null;2011;92.0;null;;;988.51627;
Ecuador [Americas];null;null;2017;84.0;null;72.26482;;;
Zimbabwe [Africa];null;null;2019;90.0;null;52.29458;;;
Palau [Western Pacific];null;null;2013;93.0;null;;;965.06753;
Venezuela (Bolivarian Republic of) [Americas];null;null;2015;24.0;null;72.11467;;;
Argentina [Americas];null;null;2020;75.0;null;;;;
Barbados [Americas];null;null;2014;90.0;null;;;644.08954;
El Salvador [Americas];null;null;2014;86.0;null;;;372.80125;
Malawi [Africa];null;null;2014;87.0;null;;;49.28509;
Slovakia [Europe];null;null;2016;96.0;null;;;;
null;null;Africa;2013;34.0;null;;;109.6145;
Italy [Europe];null;null;2007;55.0;null;;;2196.51739;
Argentina [Americas];null;null;2019;80.0;null;81.55698;;;
Hungary [Europe];null;null;2018;99.0;null;;;;
Germany [Europe];null;null;2011;86.0;null;;;3503.0426;
Oman [Eastern Mediterranean];null;null;2015;98.0;null;68.67026;;;
Peru [Americas];null;null;2009;9.0;null;;;266.39793;
Senegal [Africa];null;null;2019;96.0;null;65.37066;;;
France [Europe];null;null;2016;92.0;null;;137.98;;
null;Low-income;null;2015;59.0;null;35.08409;;;
Luxembourg [Europe];null;null;2019;96.0;null;88.09969;;;
New Zealand [Western Pacific];null;null;2019;91.0;null;89.69077;;;
Ethiopia [Africa];null;null;2016;61.0;null;;;;
Guatemala [Americas];null;null;2017;84.0;null;65.66796;;;
Italy [Europe];null;null;2011;76.0;null;;;2502.67635;
United Republic of Tanzania [Africa];null;null;2014;93.0;null;;4.38;63.81613;
Kiribati [Western Pacific];null;null;2018;94.0;null;;;;
Canada [Americas];null;null;2014;79.0;null;;;3291.84261;
null;Lower-middle-income;null;2010;0.0;null;29.99052;;69.52793;
Ireland [Europe];null;null;2013;91.0;null;;;2504.96492;
Uganda [Africa];null;null;2020;89.0;null;;;;
Algeria [Africa];null;null;2016;61.0;null;;;;
Central African Republic [Africa];null;null;2014;45.0;null;;;12.22162;
Georgia [Europe];null;null;2018;81.0;null;;;;
Albania [Europe];null;null;2012;99.0;null;;;266.27194;
Bulgaria [Europe];null;null;2016;90.0;null;;;;
Congo [Africa];null;null;2012;10.0;null;;;182.67968;
Argentina [Americas];null;null;2013;86.0;null;;81.19;644.13987;
Chile [Americas];null;null;2016;93.0;null;;;;
Latvia [Europe];null;null;2013;87.0;null;;;558.5907;
Bangladesh [South-East Asia];null;null;2019;99.0;null;45.94007;;;
United Arab Emirates [Eastern Mediterranean];null;null;2013;98.0;null;;;1620.14598;
Eswatini [Africa];null;null;2016;90.0;null;;;;
Fiji [Western Pacific];null;null;2014;99.0;null;;;239.58071;
Bhutan [South-East Asia];null;null;2019;26.0;null;63.06577;;;
Lao People's Democratic Republic [Western Pacific];null;null;2020;77.0;null;;;;
occupied Palestinian territory including east Jerusalem [Eastern Mediterranean];null;null;2019;99.0;null;;;;
Republic of Korea [Western Pacific];null;null;2016;98.0;null;;92.24;;
Latvia [Europe];null;null;2014;84.0;null;;82.549;594.05267;
Norway [Europe];null;null;2015;93.0;null;85.39185;222.09;;
Fiji [Western Pacific];null;null;2018;99.0;null;;;;
Canada [Americas];null;null;2003;9.0;null;;;2156.79283;
Mexico [Americas];null;null;2009;46.0;null;;;449.00591;
Ghana [Africa];null;null;2016;93.0;null;;;;
South Africa [Africa];null;null;2010;58.0;null;44.76063;;464.92341;
Netherlands [Europe];null;null;2014;95.0;null;;116.93;4525.70868;
South Africa [Africa];null;null;2014;85.0;null;;;553.92312;
Brazil [Americas];null;null;2010;24.0;null;72.62956;;534.49912;
null;null;Europe;2014;46.0;null;;115.34;1884.20032;
Bahamas [Americas];null;null;2019;89.0;null;80.81062;;;
null;Upper-middle-income;null;2012;26.0;null;;;424.86886;
Iraq [Eastern Mediterranean];null;null;2020;0.0;null;;;;
Sudan [Eastern Mediterranean];null;null;2018;93.0;null;;;;
Congo [Africa];null;null;2015;80.0;null;33.34428;;;
Turkmenistan [Europe];null;null;2020;23.0;null;;;;
Zimbabwe [Africa];null;null;2017;89.0;null;56.31602;;;
Finland [Europe];null;null;2016;87.0;null;;;;
Albania [Europe];null;null;2016;98.0;null;;;;
Oman [Eastern Mediterranean];null;null;2018;99.0;null;;;;
Armenia [Europe];null;null;2018;92.0;null;;;;
Uganda [Africa];null;null;2018;92.0;null;;;;
null;null;Western Pacific;2013;6.0;null;;;596.58576;
Guyana [Americas];null;null;2015;94.0;null;72.20421;;;
Sudan [Eastern Mediterranean];null;null;2016;93.0;null;;;;
Sao Tome and Principe [Africa];null;null;2016;96.0;null;;;;
Uganda [Africa];null;null;2017;90.0;null;48.43952;;;
Angola [Africa];null;null;2014;45.0;null;;;153.57677;
Ireland [Europe];null;null;2015;92.0;null;83.79312;150.924;;
Colombia [Americas];null;null;2019;93.0;null;72.17863;;;
Russian Federation [Europe];null;null;2018;82.0;null;;;;
Micronesia (Federated States of) [Western Pacific];null;null;2016;63.0;null;;;;
Honduras [Americas];null;null;2013;99.0;null;;;197.34;
Honduras [Americas];null;null;2017;90.0;null;69.06083;;;
Palau [Western Pacific];null;null;2014;93.0;null;;64.46;1034.56884;
null;High-income;null;2008;40.0;null;;;2276.84264;
France [Europe];null;null;2014;89.0;null;;;3525.59951;
Eritrea [Africa];null;null;2018;95.0;null;;;;
Namibia [Africa];null;null;2018;61.0;null;;;;
Malawi [Africa];null;null;2016;83.0;null;;;;
United States of America [Americas];null;null;2014;93.0;null;;117.3;4541.16938;
Burundi [Africa];null;null;2011;14.0;null;;;38.74765;
Burundi [Africa];null;null;2020;93.0;null;;;;
Sudan [Eastern Mediterranean];null;null;2013;30.0;null;;;60.70792;
Venezuela (Bolivarian Republic of) [Americas];null;null;2020;0.0;null;;;;
Luxembourg [Europe];null;null;2005;86.0;null;76.73822;;4649.59363;
Italy [Europe];null;null;2014;87.0;null;;104.206;2449.02917;
Sudan [Eastern Mediterranean];null;null;2017;95.0;null;38.53311;;;
United States of America [Americas];null;null;2005;83.0;null;74.03628;;2990.45545;
null;Upper-middle-income;null;2010;16.0;null;47.9228;;352.62665;
El Salvador [Americas];null;null;2019;82.0;null;70.75627;;;
Greece [Europe];null;null;2016;96.0;null;;;;
Hungary [Europe];null;null;2015;91.0;null;70.56138;97.26;;
Italy [Europe];null;null;2018;92.0;null;;;;
Iraq [Eastern Mediterranean];null;null;2019;37.0;null;48.70817;;;
Denmark [Europe];null;null;2009;86.0;null;;;3762.62644;
Poland [Europe];null;null;2019;60.0;null;85.77557;;;
Solomon Islands [Western Pacific];null;null;2015;42.0;null;43.36877;;;
Luxembourg [Europe];null;null;2008;86.0;null;;;5534.52699;
Congo [Africa];null;null;2016;67.0;null;;;;
Oman [Eastern Mediterranean];null;null;2016;99.0;null;;60.68;;
Denmark [Europe];null;null;2019;97.0;null;91.88209;;;
Niue [Western Pacific];null;null;2013;99.0;null;;;831.68474;
Lao People's Democratic Republic [Western Pacific];null;null;2018;84.0;null;;;;
United Republic of Tanzania [Africa];null;null;2020;80.0;null;;;;
Singapore [Western Pacific];null;null;2016;78.0;null;;93.97;;
Mexico [Americas];null;null;2012;99.0;null;;;534.81904;
Turkey [Europe];null;null;2016;98.0;null;;;;
Switzerland [Europe];null;null;2016;80.0;null;;223.02;;
Sweden [Europe];null;null;2010;98.0;null;82.164;;3066.15287;
Senegal [Africa];null;null;2017;92.0;null;61.46289;;;
Sweden [Europe];null;null;2020;97.0;null;;;;
null;null;Global;2009;7.0;null;;;618.49922;
Australia [Western Pacific];null;null;2019;96.0;null;89.50387;;;
Finland [Europe];null;null;2017;85.0;null;86.98261;;;
Republic of Moldova [Europe];null;null;2016;77.0;null;;;;
Switzerland [Europe];null;null;2006;1.0;null;;;2523.54613;
Yemen [Eastern Mediterranean];null;null;2012;67.0;null;;;57.73962;
occupied Palestinian territory including east Jerusalem [Eastern Mediterranean];null;null;2013;97.0;null;;;;
Republic of Moldova [Europe];null;null;2017;79.0;null;62.14822;;;
El Salvador [Americas];null;null;2013;92.0;null;;;374.46309;
Peru [Americas];null;null;2012;89.0;null;;26.09;314.42628;
Micronesia (Federated States of) [Western Pacific];null;null;2013;61.0;null;;;408.11972;
null;Lower-middle-income;null;2018;39.0;null;;;;
Guyana [Americas];null;null;2016;92.0;null;;;;
Guyana [Americas];null;null;2019;98.0;null;77.34742;;;
Brazil [Americas];null;null;2020;79.0;null;;;;
Mozambique [Africa];null;null;2019;80.0;null;55.62011;;;
Democratic Republic of the Congo [Africa];null;null;2014;56.0;null;;;11.92071;
Micronesia (Federated States of) [Western Pacific];null;null;2018;67.0;null;;;;
Gambia [Africa];null;null;2015;97.0;null;42.03442;17.25;;
United Kingdom of Great Britain and Northern Ireland [Europe];null;null;2015;93.0;null;91.20955;112.419;;
Micronesia (Federated States of) [Western Pacific];null;null;2014;64.0;null;;;428.7471;
Luxembourg [Europe];null;null;2006;86.0;null;;;5220.283;
Fiji [Western Pacific];null;null;2019;99.0;null;66.76223;;;
C\u00f4te d'Ivoire [Africa];null;null;2014;2.0;null;;;54.91692;
Bangladesh [South-East Asia];null;null;2018;99.0;null;;;;
Slovakia [Europe];null;null;2014;96.0;null;;;1579.92418;
Cameroon [Africa];null;null;2012;84.0;null;;;28.95264;
Georgia [Europe];null;null;2019;84.0;null;74.30438;;;
Eritrea [Africa];null;null;2016;95.0;null;;;;
null;null;Africa;2015;60.0;null;40.71207;;;
Norway [Europe];null;null;2014;91.0;null;;218.263;5425.87283;
Afghanistan [Eastern Mediterranean];null;null;2019;68.0;null;32.42533;;;
United States of America [Americas];null;null;2013;92.0;null;;117.831;4279.14058;
Norway [Europe];null;null;2012;93.0;null;;;5192.69614;
Ecuador [Americas];null;null;2013;90.0;null;;;422.22332;
Cyprus [Europe];null;null;2016;81.0;null;;;;
Ireland [Europe];null;null;2018;90.0;null;;;;
null;Low-income;null;2009;0.0;null;;;28.3939;
United Kingdom of Great Britain and Northern Ireland [Europe];null;null;2017;92.0;null;92.57982;;;
Nicaragua [Americas];null;null;2016;98.0;null;;;;
Bahamas [Americas];null;null;2011;1.0;null;;62.39;810.29248;
Kazakhstan [Europe];null;null;2015;74.0;null;65.4495;;;
United Arab Emirates [Eastern Mediterranean];null;null;2010;94.0;null;94.78031;;1610.12071;
Japan [Western Pacific];null;null;2013;98.0;null;;;3090.19163;
Mongolia [Western Pacific];null;null;2018;26.0;null;;;;
El Salvador [Americas];null;null;2020;78.0;null;;;;
Iceland [Europe];null;null;2013;88.0;null;;;2984.99639;
Madagascar [Africa];null;null;2019;67.0;null;27.39734;;;
Hungary [Europe];null;null;2016;98.0;null;;;;
Kuwait [Eastern Mediterranean];null;null;2013;99.0;null;;;1665.06489;
C\u00f4te d'Ivoire [Africa];null;null;2020;79.0;null;;;;
Bahrain [Eastern Mediterranean];null;null;2014;98.0;null;;33.842;1437.67355;
Micronesia (Federated States of) [Western Pacific];null;null;2010;70.0;null;42.96619;;412.16305;
null;null;Americas;2010;51.0;null;68.74961;84.58;1730.9018;
Yemen [Eastern Mediterranean];null;null;2015;69.0;null;38.82532;;;
Kazakhstan [Europe];null;null;2020;89.0;null;;;;
null;High-income;null;2017;88.0;null;86.84753;;;
Niue [Western Pacific];null;null;2019;99.0;null;78.1703;;;
El Salvador [Americas];null;null;2011;98.0;null;;;328.76957;
Mongolia [Western Pacific];null;null;2020;92.0;null;;;;
Bulgaria [Europe];null;null;2013;94.0;null;;;660.52852;
Georgia [Europe];null;null;2016;75.0;null;;;;
Angola [Africa];null;null;2015;55.0;null;33.52584;;;
Slovakia [Europe];null;null;2017;96.0;null;86.05684;;;
Israel [Europe];null;null;2019;95.0;null;85.08345;;;
Bahrain [Eastern Mediterranean];null;null;2020;99.0;null;;;;
Netherlands [Europe];null;null;2012;96.0;null;;;4425.75974;
Mauritius [Africa];null;null;2016;10.0;null;;;;
Benin [Africa];null;null;2020;68.0;null;;;;
Sweden [Europe];null;null;2015;97.0;null;90.97278;;;
Ghana [Africa];null;null;2012;43.0;null;;;116.98742;
Kuwait [Eastern Mediterranean];null;null;2017;99.0;null;79.28118;;;
Benin [Africa];null;null;2017;73.0;null;37.81958;;;
Italy [Europe];null;null;2019;92.0;null;91.10618;;;
Uruguay [Americas];null;null;2010;91.0;null;69.20328;;899.1762;
Andorra [Europe];null;null;2019;96.0;null;88.79816;;;
Saudi Arabia [Eastern Mediterranean];null;null;2016;98.0;null;;;;
South Africa [Africa];null;null;2016;82.0;null;;60.46;;
United States of America [Americas];null;null;2004;73.0;null;;;2818.71404;
Panama [Americas];null;null;2015;92.0;null;62.52378;;;
Yemen [Eastern Mediterranean];null;null;2011;41.0;null;;;48.83545;
Mauritius [Africa];null;null;2019;97.0;null;53.94851;;;
Sierra Leone [Africa];null;null;2016;84.0;null;;;;
Chile [Americas];null;null;2014;92.0;null;;;865.33037;
Burundi [Africa];null;null;2018;90.0;null;;;;
null;null;Europe;2019;80.0;null;83.61987;;;
Palau [Western Pacific];null;null;2012;82.0;null;;;997.83835;
Singapore [Western Pacific];null;null;2014;68.0;null;;;1689.13346;
null;Lower-middle-income;null;2019;43.0;null;62.1234;;;
null;null;Eastern Mediterranean;2008;0.0;null;;;199.90664;
Afghanistan [Eastern Mediterranean];null;null;2020;68.0;null;;;;
Norway [Europe];null;null;2020;96.0;null;;;;
Costa Rica [Americas];null;null;2011;68.0;null;;;934.62081;
Netherlands [Europe];null;null;2016;94.0;null;;;;
United Arab Emirates [Eastern Mediterranean];null;null;2017;96.0;null;78.90695;;;
occupied Palestinian territory including east Jerusalem [Eastern Mediterranean];null;null;2015;99.0;null;;;;
null;null;Eastern Mediterranean;2010;5.0;null;32.36923;;246.04921;
null;Upper-middle-income;null;2016;32.0;null;;;;
Chile [Americas];null;null;2013;79.0;null;;;802.41811;
Australia [Western Pacific];null;null;2018;95.0;null;;;;
Mexico [Americas];null;null;2018;88.0;null;;;;
Lao People's Democratic Republic [Western Pacific];null;null;2017;82.0;null;53.37314;;;
Tunisia [Eastern Mediterranean];null;null;2020;82.0;null;;;;
Mauritania [Africa];null;null;2016;73.0;null;;;;
Eswatini [Africa];null;null;2019;87.0;null;75.26112;;;
Zambia [Africa];null;null;2017;94.0;null;51.62087;;;
Palau [Western Pacific];null;null;2020;75.0;null;;;;
occupied Palestinian territory including east Jerusalem [Eastern Mediterranean];null;null;2016;99.0;null;;;;
Germany [Europe];null;null;2019;84.0;null;90.03529;;;
Honduras [Americas];null;null;2012;97.0;null;;;192.12126;
Mauritania [Africa];null;null;2015;71.0;null;22.96338;;;
Kuwait [Eastern Mediterranean];null;null;2016;99.0;null;;;;
Niger [Africa];null;null;2017;85.0;null;39.88248;;;
Lithuania [Europe];null;null;2017;82.0;null;58.91071;;;
null;Upper-middle-income;null;2014;29.0;null;;;494.57637;
null;Lower-middle-income;null;2012;5.0;null;;;80.61905;
Azerbaijan [Europe];null;null;2020;79.0;null;;;;
Democratic Republic of the Congo [Africa];null;null;2013;29.0;null;;;9.20714;
Guyana [Americas];null;null;2012;90.0;null;;;280.44175;
null;Upper-middle-income;null;2018;37.0;null;;;;
Djibouti [Eastern Mediterranean];null;null;2016;68.0;null;;;;
Singapore [Western Pacific];null;null;2012;52.0;null;;;1158.46063;
Madagascar [Africa];null;null;2018;63.0;null;;;;
Ecuador [Americas];null;null;2015;81.0;null;65.99712;;;
Kenya [Africa];null;null;2020;90.0;null;;;;
Norway [Europe];null;null;2018;94.0;null;;;;
Canada [Americas];null;null;2012;73.0;null;;119.52;3254.75714;
Switzerland [Europe];null;null;2010;37.0;null;82.04654;;3458.51531;
Andorra [Europe];null;null;2014;93.0;null;;;3333.76732;
null;null;South-East Asia;2015;4.0;null;46.89968;;;
Singapore [Western Pacific];null;null;2010;22.0;null;66.02172;;967.77424;
C\u00f4te d'Ivoire [Africa];null;null;2016;80.0;null;;;;
Guatemala [Americas];null;null;2016;81.0;null;;;;
Palau [Western Pacific];null;null;2008;7.0;null;;;907.5177;
Denmark [Europe];null;null;2012;93.0;null;;;4020.97963;
Dominican Republic [Americas];null;null;2014;27.0;null;;;388.23711;
Mauritius [Africa];null;null;2020;86.0;null;;;;
Djibouti [Eastern Mediterranean];null;null;2015;82.0;null;28.04885;;;
null;null;Americas;2017;82.0;null;78.5066;;;
Paraguay [Americas];null;null;2016;99.0;null;;;;
United Republic of Tanzania [Africa];null;null;2017;86.0;null;45.95647;;;
San Marino [Europe];null;null;2017;56.0;null;87.26503;;;
Sweden [Europe];null;null;2013;97.0;null;;159.983;4349.06595;
Nicaragua [Americas];null;null;2019;98.0;null;66.88815;;;
Mozambique [Africa];null;null;2013;45.0;null;;4.56;33.47886;
Mauritius [Africa];null;null;2018;96.0;null;;;;
Switzerland [Europe];null;null;2017;84.0;null;90.6122;;;
Pakistan [Eastern Mediterranean];null;null;2017;81.0;null;31.61763;;;
null;Low-income;null;2008;0.0;null;;;26.77739;
Singapore [Western Pacific];null;null;2009;17.0;null;;;944.7027;
Republic of Korea [Western Pacific];null;null;2018;97.0;null;;;;
Marshall Islands [Western Pacific];null;null;2015;75.0;null;59.6949;;;
Honduras [Americas];null;null;2011;78.0;null;;;173.66188;
Pakistan [Eastern Mediterranean];null;null;2020;80.0;null;;;;
Colombia [Americas];null;null;2013;87.0;null;;;663.39005;
Slovenia [Europe];null;null;2016;49.0;null;;;;
Central African Republic [Africa];null;null;2016;43.0;null;;;;
Democratic Republic of the Congo [Africa];null;null;2020;58.0;null;;;;
null;null;Americas;2020;76.0;null;;;;
Afghanistan [Eastern Mediterranean];null;null;2018;69.0;null;;;;
Bangladesh [South-East Asia];null;null;2020;99.0;null;;;;
Luxembourg [Europe];null;null;2016;95.0;null;;150.51;;
Uruguay [Americas];null;null;2016;94.0;null;;;;
Nigeria [Africa];null;null;2017;53.0;null;39.46962;;;
null;null;Eastern Mediterranean;2012;12.0;null;;;278.83457;
Australia [Western Pacific];null;null;2011;91.0;null;;;2804.9569;
United Arab Emirates [Eastern Mediterranean];null;null;2019;99.0;null;74.3642;;;
Germany [Europe];null;null;2014;84.0;null;;176.04;3989.56122;
Burundi [Africa];null;null;2013;96.0;null;;;32.98894;
Ethiopia [Africa];null;null;2020;67.0;null;;;;
Colombia [Americas];null;null;2015;91.0;null;68.30004;;;
Pakistan [Eastern Mediterranean];null;null;2015;80.0;null;26.32312;14.79;;
null;Upper-middle-income;null;2013;28.0;null;;;459.57807;
Papua New Guinea [Western Pacific];null;null;2016;20.0;null;;;;
Denmark [Europe];null;null;2017;97.0;null;90.02838;;;
Slovakia [Europe];null;null;2015;96.0;null;78.52657;94.69;;
Albania [Europe];null;null;2014;99.0;null;;;306.72694;
Saudi Arabia [Eastern Mediterranean];null;null;2020;95.0;null;;;;
Dominican Republic [Americas];null;null;2019;70.0;null;68.81606;;;
Cambodia [Western Pacific];null;null;2015;68.0;null;60.27254;;;
Slovenia [Europe];null;null;2015;49.0;null;80.05923;116.6;;
null;null;South-East Asia;2014;0.0;null;;25.71;94.38239;
Morocco [Eastern Mediterranean];null;null;2013;80.0;null;;;141.43634;
Panama [Americas];null;null;2020;74.0;null;;;;
Azerbaijan [Europe];null;null;2017;96.0;null;66.84976;;;
Liberia [Africa];null;null;2015;36.0;null;30.54887;;;
Turkey [Europe];null;null;2010;93.0;null;46.47654;;710.66358;
San Marino [Europe];null;null;2016;53.0;null;;;;
Zimbabwe [Africa];null;null;2013;95.0;null;;;49.54586;
Cambodia [Western Pacific];null;null;2016;87.0;null;;;;
Greece [Europe];null;null;2012;32.0;null;;;1574.46888;
Switzerland [Europe];null;null;2014;80.0;null;;219.277;4269.20708;
Yemen [Eastern Mediterranean];null;null;2018;64.0;null;;;;
Malawi [Africa];null;null;2012;99.0;null;;;51.626;
Uruguay [Americas];null;null;2018;93.0;null;;;;
Trinidad and Tobago [Americas];null;null;2012;39.0;null;;;854.50056;
Venezuela (Bolivarian Republic of) [Americas];null;null;2018;0.0;null;;;;
null;null;Global;2017;45.0;null;64.29305;;;
Turkey [Europe];null;null;2019;97.0;null;84.30584;;;
Turkey [Europe];null;null;2014;96.0;null;;44.05;802.72186;
Costa Rica [Americas];null;null;2014;83.0;null;;;1009.59576;
Mali [Africa];null;null;2020;66.0;null;;;;
Palau [Western Pacific];null;null;2016;98.0;null;;;;
United Kingdom of Great Britain and Northern Ireland [Europe];null;null;2018;92.0;null;;;;
Barbados [Americas];null;null;2016;96.0;null;;;;
Germany [Europe];null;null;2008;68.0;null;;;3033.37957;
Brazil [Americas];null;null;2018;84.0;null;;;;
Namibia [Africa];null;null;2015;81.0;null;52.4638;;;
null;Low-income;null;2018;64.0;null;;;;
Guatemala [Americas];null;null;2019;88.0;null;69.79292;;;
null;null;Global;2018;46.0;null;;;;
Eritrea [Africa];null;null;2019;95.0;null;39.25509;;;
null;null;Africa;2012;21.0;null;;;106.874;
Burkina Faso [Africa];null;null;2017;91.0;null;45.87068;;;
United Arab Emirates [Eastern Mediterranean];null;null;2012;96.0;null;;;1475.24929;
United Republic of Tanzania [Africa];null;null;2018;84.0;null;;;;
Gambia [Africa];null;null;2018;93.0;null;;;;
Uganda [Africa];null;null;2019;92.0;null;50.8857;;;
Pakistan [Eastern Mediterranean];null;null;2013;65.0;null;;;46.85395;
Lao People's Democratic Republic [Western Pacific];null;null;2014;60.0;null;;14.5;49.75966;
Burkina Faso [Africa];null;null;2019;91.0;null;45.77233;;;
Bahrain [Eastern Mediterranean];null;null;2016;99.0;null;;;;
Micronesia (Federated States of) [Western Pacific];null;null;2019;73.0;null;70.68751;;;
Colombia [Americas];null;null;2012;84.0;null;;;636.09416;
Finland [Europe];null;null;2012;92.0;null;;;2732.15188;
Azerbaijan [Europe];null;null;2016;97.0;null;;;;
United Republic of Tanzania [Africa];null;null;2016;89.0;null;;;;
United Kingdom of Great Britain and Northern Ireland [Europe];null;null;2013;93.0;null;;;2811.02864;
Costa Rica [Americas];null;null;2016;94.0;null;;;;
Eswatini [Africa];null;null;2018;88.0;null;;;;
Lao People's Democratic Republic [Western Pacific];null;null;2019;81.0;null;62.38619;;;
Australia [Western Pacific];null;null;2012;91.0;null;;;2788.90038;
Saudi Arabia [Eastern Mediterranean];null;null;2018;98.0;null;;;;
South Africa [Africa];null;null;2015;85.0;null;58.77932;58.798;;
Germany [Europe];null;null;2016;84.0;null;;;;
null;null;South-East Asia;2009;0.0;null;;;61.53697;
null;Low-income;null;2014;54.0;null;;;37.94335;
El Salvador [Americas];null;null;2015;98.0;null;66.6674;;;
Mali [Africa];null;null;2015;67.0;null;44.02362;;;
Norway [Europe];null;null;2010;91.0;null;84.57123;;4636.9393;
Georgia [Europe];null;null;2020;82.0;null;;;;
Bolivia (Plurinational State of) [Americas];null;null;2014;56.0;null;;;308.02638;
Rwanda [Africa];null;null;2018;97.0;null;;;;
United Republic of Tanzania [Africa];null;null;2019;83.0;null;50.60194;;;
Honduras [Americas];null;null;2019;88.0;null;70.51292;;;
Ireland [Europe];null;null;2011;90.0;null;;;2527.69185;
Uruguay [Americas];null;null;2017;94.0;null;83.61564;;;
Burundi [Africa];null;null;2019;93.0;null;55.41902;;;
Togo [Africa];null;null;2018;81.0;null;;;;
Panama [Americas];null;null;2019;96.0;null;70.59109;;;
Dominican Republic [Americas];null;null;2020;69.0;null;;;;
null;null;Global;2013;26.0;null;;45.55;707.90739;
Qatar [Eastern Mediterranean];null;null;2020;70.0;null;;;;
null;Upper-middle-income;null;2009;7.0;null;;;334.11233;
Kuwait [Eastern Mediterranean];null;null;2008;99.0;null;;;1334.18124;
Burkina Faso [Africa];null;null;2014;91.0;null;;;43.04166;
Colombia [Americas];null;null;2011;46.0;null;;;576.68474;
Togo [Africa];null;null;2014;25.0;null;;;29.31779;
Congo [Africa];null;null;2013;85.0;null;;;240.9855;
New Zealand [Western Pacific];null;null;2013;93.0;null;;;3196.68399;
Dominican Republic [Americas];null;null;2016;30.0;null;;;;
Armenia [Europe];null;null;2019;92.0;null;71.25498;;;
Mali [Africa];null;null;2011;56.0;null;;;46.8596;
Madagascar [Africa];null;null;2014;68.0;null;;;21.17321;
Afghanistan [Eastern Mediterranean];null;null;2016;62.0;null;;6.37;;
Honduras [Americas];null;null;2014;99.0;null;;;202.46396;
Uzbekistan [Europe];null;null;2017;99.0;null;67.7552;;;
Ethiopia [Africa];null;null;2019;64.0;null;31.7319;;;
null;null;Western Pacific;2012;6.0;null;;;559.27986;
Bangladesh [South-East Asia];null;null;2017;99.0;null;40.37272;;;
Congo [Africa];null;null;2020;71.0;null;;;;
Mali [Africa];null;null;2017;74.0;null;48.16255;;;
null;null;Global;2012;20.0;null;;;684.01695;
Kiribati [Western Pacific];null;null;2020;91.0;null;;;;
Burundi [Africa];null;null;2014;95.0;null;;;30.59494;
Yemen [Eastern Mediterranean];null;null;2020;72.0;null;;;;
Liberia [Africa];null;null;2016;73.0;null;;;;
Slovakia [Europe];null;null;2009;99.0;null;;;1372.33351;
Nicaragua [Americas];null;null;2017;98.0;null;62.63385;;;
Djibouti [Eastern Mediterranean];null;null;2017;76.0;null;41.91185;;;
Kenya [Africa];null;null;2012;82.0;null;;;90.30865;
Rwanda [Africa];null;null;2013;98.0;null;;;45.82328;
Central African Republic [Africa];null;null;2018;40.0;null;;;;
South Africa [Africa];null;null;2009;10.0;null;;;446.44282;
Paraguay [Americas];null;null;2018;94.0;null;;;;
null;null;Eastern Mediterranean;2013;36.0;null;;;298.60462;
Morocco [Eastern Mediterranean];null;null;2018;99.0;null;;;;
Australia [Western Pacific];null;null;2010;91.0;null;79.61751;;2621.95103;
India [South-East Asia];null;null;2019;15.0;null;70.7762;;;
Singapore [Western Pacific];null;null;2011;40.0;null;;;1007.82061;
Slovakia [Europe];null;null;2018;96.0;null;;;;
null;null;Western Pacific;2020;16.0;null;;;;
Bahrain [Eastern Mediterranean];null;null;2013;99.0;null;;;1305.60919;
Myanmar [South-East Asia];null;null;2019;90.0;null;76.8252;;;
United Kingdom of Great Britain and Northern Ireland [Europe];null;null;2012;92.0;null;;;2755.08891;
Spain [Europe];null;null;2019;95.0;null;90.46909;;;
Kenya [Africa];null;null;2016;78.0;null;;;;
Slovenia [Europe];null;null;2020;70.0;null;;;;
Armenia [Europe];null;null;2017;94.0;null;64.89439;;;
Liberia [Africa];null;null;2018;78.0;null;;;;
Kyrgyzstan [Europe];null;null;2017;88.0;null;71.16554;;;
Sweden [Europe];null;null;2012;97.0;null;;;4223.89201;
Republic of Korea [Western Pacific];null;null;2019;98.0;null;89.02021;;;
Luxembourg [Europe];null;null;2017;95.0;null;86.56141;;;
Marshall Islands [Western Pacific];null;null;2019;63.0;null;69.52607;;;
Greece [Europe];null;null;2019;96.0;null;83.28131;;;
null;Upper-middle-income;null;2019;37.0;null;77.2105;;;
El Salvador [Americas];null;null;2018;75.0;null;;;;
Kenya [Africa];null;null;2014;81.0;null;;17.86;103.50689;
San Marino [Europe];null;null;2018;58.0;null;;;;
Latvia [Europe];null;null;2017;87.0;null;65.65177;;;
null;null;Americas;2014;83.0;null;;82.59;1983.28397;
Republic of Moldova [Europe];null;null;2019;80.0;null;68.02898;;;
United Republic of Tanzania [Africa];null;null;2013;80.0;null;;;60.11209;
Bahamas [Americas];null;null;2014;96.0;null;;;834.09291;
Mali [Africa];null;null;2018;74.0;null;;;;
Italy [Europe];null;null;2015;89.0;null;86.82863;;;
Finland [Europe];null;null;2014;92.0;null;;182.27;2787.28153;
Paraguay [Americas];null;null;2019;89.0;null;74.68373;;;
Democratic Republic of the Congo [Africa];null;null;2012;13.0;null;;;11.00187;
Myanmar [South-East Asia];null;null;2018;91.0;null;;;;
Djibouti [Eastern Mediterranean];null;null;2014;78.0;null;;7.86;215.88318;
Switzerland [Europe];null;null;2020;86.0;null;;;;
Cameroon [Africa];null;null;2015;77.0;null;43.66675;;;
Kuwait [Eastern Mediterranean];null;null;2007;88.0;null;;;1511.02385;
Benin [Africa];null;null;2013;70.0;null;;7.501;39.67733;
null;Upper-middle-income;null;2015;31.0;null;66.13497;;;
Zambia [Africa];null;null;2019;89.0;null;49.7123;;;
Canada [Americas];null;null;2011;66.0;null;;;3207.55643;
Yemen [Eastern Mediterranean];null;null;2019;72.0;null;47.40353;;;
Norway [Europe];null;null;2009;91.0;null;;;4534.96113;
Mauritania [Africa];null;null;2014;71.0;null;;;73.45181;
Bahamas [Americas];null;null;2016;94.0;null;;;;
Solomon Islands [Western Pacific];null;null;2016;87.0;null;;;;
Canada [Americas];null;null;2005;17.0;null;64.90624;;2436.57072;
Nicaragua [Americas];null;null;2018;98.0;null;;;;
Senegal [Africa];null;null;2020;92.0;null;;;;
Mexico [Americas];null;null;2017;92.0;null;69.43186;;;
Trinidad and Tobago [Americas];null;null;2014;95.0;null;;;971.48773;
Lithuania [Europe];null;null;2019;82.0;null;66.3846;;;
Papua New Guinea [Western Pacific];null;null;2018;35.0;null;;;;
United Kingdom of Great Britain and Northern Ireland [Europe];null;null;2020;91.0;null;;;;
Mexico [Americas];null;null;2010;92.0;null;57.89038;;473.10835;
New Zealand [Western Pacific];null;null;2018;96.0;null;;;;
Spain [Europe];null;null;2018;95.0;null;;;;
Mauritania [Africa];null;null;2013;1.0;null;;;64.09963;
Kiribati [Western Pacific];null;null;2016;79.0;null;;;;
Liberia [Africa];null;null;2017;78.0;null;28.49482;;;
Ethiopia [Africa];null;null;2014;54.0;null;;;42.83717;
France [Europe];null;null;2010;89.0;null;84.48536;;3130.68433;
occupied Palestinian territory including east Jerusalem [Eastern Mediterranean];null;null;2012;25.0;null;;;;
null;High-income;null;2010;63.0;null;79.15856;;2494.1207;
Russian Federation [Europe];null;null;2019;85.0;null;75.4327;;;
null;null;Americas;2016;82.0;null;;;;
null;Low-income;null;2019;65.0;null;43.26265;;;
Bahrain [Eastern Mediterranean];null;null;2008;14.0;null;;;944.74172;
Panama [Americas];null;null;2013;88.0;null;;38.49;1144.21558;
null;null;Western Pacific;2011;6.0;null;;41.97;514.62356;
Kenya [Africa];null;null;2019;91.0;null;53.37652;;;
null;High-income;null;2015;84.0;null;84.78851;;;
Niue [Western Pacific];null;null;2009;99.0;null;;;1818.56602;
Mali [Africa];null;null;2019;74.0;null;54.75191;;;
Ecuador [Americas];null;null;2019;83.0;null;79.93219;;;
Costa Rica [Americas];null;null;2013;94.0;null;;19.45;992.94601;
Switzerland [Europe];null;null;2008;13.0;null;;;3237.0818;
Bulgaria [Europe];null;null;2011;94.0;null;;;584.97412;
Libya [Eastern Mediterranean];null;null;2014;39.0;null;;89.97;592.88614;
United States of America [Americas];null;null;2017;92.0;null;87.48305;;;
Yemen [Eastern Mediterranean];null;null;2016;71.0;null;;;;
null;null;Global;2015;37.0;null;58.19035;;;
Luxembourg [Europe];null;null;2018;96.0;null;;;;
Norway [Europe];null;null;2019;95.0;null;87.32698;;;
Nepal [South-East Asia];null;null;2015;5.0;null;48.15406;;;
Costa Rica [Americas];null;null;2018;96.0;null;;;;
null;null;South-East Asia;2018;16.0;null;;;;
null;null;South-East Asia;2010;0.0;null;29.69061;;64.43288;
Barbados [Americas];null;null;2009;75.0;null;;;616.4176;
Costa Rica [Americas];null;null;2015;94.0;null;75.90976;;;
Cyprus [Europe];null;null;2019;81.0;null;82.52676;;;
Djibouti [Eastern Mediterranean];null;null;2013;82.0;null;;;161.14887;
Cyprus [Europe];null;null;2018;81.0;null;;;;
Brazil [Americas];null;null;2015;94.0;null;77.25624;;;
Uruguay [Americas];null;null;2015;94.0;null;81.87983;;;
Greece [Europe];null;null;2017;96.0;null;81.27074;;;
Ecuador [Americas];null;null;2010;17.0;null;53.1219;;225.3594;
null;Low-income;null;2017;64.0;null;42.50449;;;
Singapore [Western Pacific];null;null;2015;75.0;null;80.72098;;;
Luxembourg [Europe];null;null;2011;86.0;null;;;5715.6704;
Japan [Western Pacific];null;null;2015;96.0;null;84.86062;;;
France [Europe];null;null;2018;92.0;null;;;;
Sao Tome and Principe [Africa];null;null;2015;96.0;null;59.33335;;;
Kazakhstan [Europe];null;null;2018;95.0;null;;;;
Ecuador [Americas];null;null;2018;85.0;null;;;;
Seychelles [Africa];null;null;2020;94.0;null;;;;
Qatar [Eastern Mediterranean];null;null;2016;97.0;null;;;;
Germany [Europe];null;null;2009;84.0;null;;;3229.58438;
Saudi Arabia [Eastern Mediterranean];null;null;2017;98.0;null;81.61259;;;
Cameroon [Africa];null;null;2018;67.0;null;;;;
South Africa [Africa];null;null;2018;83.0;null;;;;
Romania [Europe];null;null;2020;85.0;null;;;;
Eswatini [Africa];null;null;2014;67.0;null;;;444.30047;
Luxembourg [Europe];null;null;2020;96.0;null;;;;
Yemen [Eastern Mediterranean];null;null;2014;73.0;null;;10.68;45.61437;
Malawi [Africa];null;null;2013;89.0;null;;;45.76977;
New Zealand [Western Pacific];null;null;2012;92.0;null;;;3086.13182;
Germany [Europe];null;null;2017;84.0;null;88.21203;;;
Paraguay [Americas];null;null;2014;86.0;null;;;400.44473;
Peru [Americas];null;null;2014;86.0;null;;;397.89597;
Barbados [Americas];null;null;2011;81.0;null;;;640.08685;
Sierra Leone [Africa];null;null;2014;83.0;null;;;38.00667;
France [Europe];null;null;2012;89.0;null;;;3306.54228;
Barbados [Americas];null;null;2013;87.0;null;;;656.27503;
Italy [Europe];null;null;2010;71.0;null;82.82439;;2522.9547;
Oman [Eastern Mediterranean];null;null;2009;96.0;null;;;1060.61576;
Democratic Republic of the Congo [Africa];null;null;2018;58.0;null;;;;
Ghana [Africa];null;null;2017;99.0;null;33.51393;;;
Qatar [Eastern Mediterranean];null;null;2009;99.0;null;;;2394.39535;
Colombia [Americas];null;null;2020;89.0;null;;;;
Costa Rica [Americas];null;null;2009;48.0;null;;;830.247;
Finland [Europe];null;null;2020;89.0;null;;;;
Italy [Europe];null;null;2013;87.0;null;;;2462.33889;
Madagascar [Africa];null;null;2015;62.0;null;20.09722;;;
Kenya [Africa];null;null;2017;82.0;null;53.19044;;;
San Marino [Europe];null;null;2020;82.0;null;;;;
El Salvador [Americas];null;null;2010;69.0;null;64.93747;;313.25631;
null;High-income;null;2019;89.0;null;88.35257;;;
Mozambique [Africa];null;null;2015;80.0;null;43.88369;;;
Zimbabwe [Africa];null;null;2015;87.0;null;53.72215;;;
Australia [Western Pacific];null;null;2015;93.0;null;87.11044;162.4;;
South Africa [Africa];null;null;2013;77.0;null;;;538.3888;
Myanmar [South-East Asia];null;null;2020;86.0;null;;;;
Luxembourg [Europe];null;null;2014;95.0;null;;;5717.26002;
Cameroon [Africa];null;null;2016;72.0;null;;;;
Albania [Europe];null;null;2017;99.0;null;72.77194;;;
Bolivia (Plurinational State of) [Americas];null;null;2019;75.0;null;64.8222;;;
Andorra [Europe];null;null;2018;94.0;null;;;;
Guyana [Americas];null;null;2020;89.0;null;;;;
Sudan [Eastern Mediterranean];null;null;2014;97.0;null;;42.151;60.22442;
Peru [Americas];null;null;2017;80.0;null;72.59913;;;
Italy [Europe];null;null;2017;91.0;null;89.2663;;;
Mexico [Americas];null;null;2016;92.0;null;;;;
null;null;Western Pacific;2010;1.0;null;44.49585;;466.41655;
Bahamas [Americas];null;null;2017;93.0;null;80.38151;;;
Andorra [Europe];null;null;2017;98.0;null;87.26503;;;
Mauritania [Africa];null;null;2018;77.0;null;;;;
null;null;Western Pacific;2019;14.0;null;82.28514;;;
Guatemala [Americas];null;null;2013;24.0;null;;;167.02711;
Gambia [Africa];null;null;2013;96.0;null;;;68.81836;
C\u00f4te d'Ivoire [Africa];null;null;2018;81.0;null;;;;
Guatemala [Americas];null;null;2020;86.0;null;;;;
Belgium [Europe];null;null;2015;94.0;null;88.63294;141.7;;
Libya [Eastern Mediterranean];null;null;2016;96.0;null;;;;
Ireland [Europe];null;null;2014;92.0;null;;;2510.93635;
Mexico [Americas];null;null;2020;75.0;null;;;;
Cyprus [Europe];null;null;2017;81.0;null;83.6886;;;
United Kingdom of Great Britain and Northern Ireland [Europe];null;null;2010;89.0;null;84.78576;;2730.63297;
Benin [Africa];null;null;2014;69.0;null;;;41.94793;
Germany [Europe];null;null;2015;84.0;null;86.45953;179.84;;
Azerbaijan [Europe];null;null;2015;94.0;null;58.43668;;;
Israel [Europe];null;null;2020;94.0;null;;;;
null;null;Western Pacific;2009;1.0;null;;;430.57362;
Singapore [Western Pacific];null;null;2019;82.0;null;86.95569;;;
Lesotho [Africa];null;null;2016;87.0;null;;;;
C\u00f4te d'Ivoire [Africa];null;null;2017;82.0;null;50.92526;;;
Armenia [Europe];null;null;2016;94.0;null;;;;
United Arab Emirates [Eastern Mediterranean];null;null;2016;99.0;null;;;;
Slovakia [Europe];null;null;2013;98.0;null;;94.629;1504.18265;
United Kingdom of Great Britain and Northern Ireland [Europe];null;null;2011;90.0;null;;;2706.69187;
Slovenia [Europe];null;null;2019;65.0;null;88.22929;;;
Guatemala [Americas];null;null;2018;85.0;null;;;;
San Marino [Europe];null;null;2019;76.0;null;88.79815;;;
Romania [Europe];null;null;2019;88.0;null;79.68869;;;
Latvia [Europe];null;null;2012;55.0;null;;;526.62592;
Uganda [Africa];null;null;2015;64.0;null;42.83432;7.42;;
Nepal [South-East Asia];null;null;2017;80.0;null;53.59522;;;
Algeria [Africa];null;null;2019;91.0;null;83.79275;;;
Botswana [Africa];null;null;2018;91.0;null;;;;
Peru [Americas];null;null;2011;82.0;null;;;272.34829;
Guyana [Americas];null;null;2013;96.0;null;;;199.18681;
Philippines [Western Pacific];null;null;2014;35.0;null;;;112.74451;
Canada [Americas];null;null;2017;81.0;null;85.90191;;;
null;null;Eastern Mediterranean;2018;53.0;null;;;;
Niue [Western Pacific];null;null;2011;99.0;null;;;1225.7641;
Djibouti [Eastern Mediterranean];null;null;2019;85.0;null;40.13081;;;
Marshall Islands [Western Pacific];null;null;2014;29.0;null;;;573.02436;
Palau [Western Pacific];null;null;2019;74.0;null;75.65865;;;
Dominican Republic [Americas];null;null;2017;64.0;null;65.43044;;;
null;null;Europe;2010;37.0;null;66.54171;;1714.27793;
Marshall Islands [Western Pacific];null;null;2013;38.0;null;;;566.27616;
Panama [Americas];null;null;2012;76.0;null;;;906.00747;
Kenya [Africa];null;null;2013;75.0;null;;10.663;94.98364;
Portugal [Europe];null;null;2017;96.0;null;91.1026;;;
Algeria [Africa];null;null;2018;91.0;null;;;;
null;null;Europe;2016;56.0;null;;;;
Palau [Western Pacific];null;null;2017;89.0;null;72.76821;;;
Saudi Arabia [Eastern Mediterranean];null;null;2012;98.0;null;;;1368.06736;
Bulgaria [Europe];null;null;2018;88.0;null;;;;
Turkey [Europe];null;null;2018;97.0;null;;;;
Palau [Western Pacific];null;null;2010;45.0;null;49.88345;72.792;969.18479;
Israel [Europe];null;null;2016;93.0;null;;;;
Liberia [Africa];null;null;2020;65.0;null;;;;
Mozambique [Africa];null;null;2017;80.0;null;55.57862;;;
Italy [Europe];null;null;2016;88.0;null;;97.39;;
null;null;Global;2010;11.0;null;43.74908;;632.27138;
Qatar [Eastern Mediterranean];null;null;2019;98.0;null;91.11578;;;
United States of America [Americas];null;null;2007;90.0;null;;;3386.00083;
Kuwait [Eastern Mediterranean];null;null;2009;99.0;null;;;2616.71368;
Russian Federation [Europe];null;null;2017;70.0;null;70.436;;;
null;null;Global;2014;32.0;null;;52.82;738.93539;
Philippines [Western Pacific];null;null;2019;51.0;null;62.00729;;;
Germany [Europe];null;null;2012;84.0;null;;;3582.39984;
Rwanda [Africa];null;null;2019;98.0;null;63.02602;;;
null;null;Africa;2020;68.0;null;;;;
Uzbekistan [Europe];null;null;2018;96.0;null;;;;
Trinidad and Tobago [Americas];null;null;2017;93.0;null;79.11819;;;
Senegal [Africa];null;null;2014;81.0;null;;;55.42699;
Uzbekistan [Europe];null;null;2016;99.0;null;;;;
Barbados [Americas];null;null;2019;93.0;null;76.93242;;;
Eritrea [Africa];null;null;2017;95.0;null;38.76346;;;
Chile [Americas];null;null;2017;93.0;null;81.47382;;;
Latvia [Europe];null;null;2015;85.0;null;51.84235;81.12;;
Mozambique [Africa];null;null;2018;80.0;null;;;;
Togo [Africa];null;null;2015;77.0;null;41.09611;;;
Belgium [Europe];null;null;2013;93.0;null;;;3317.94132;
Malawi [Africa];null;null;2018;92.0;null;;;;
United Arab Emirates [Eastern Mediterranean];null;null;2020;84.0;null;;;;
Lebanon [Eastern Mediterranean];null;null;2018;82.0;null;;;;
