Country;World Bank income group;WHO region;Year;Pneumoccocal conjugate vaccines (PCV3) immunization coverage among 1-year-olds (%);Comments;Law requires helmet to be fastened;Organochlorine resistance reported for at least one site;Inclusion of human rights as a guiding principle of the dementia plan;
Singapore [Western Pacific];null;null;2010;22.0;null;;;;
Luxembourg [Europe];null;null;2017;95.0;null;Yes;;;
Finland [Europe];null;null;2019;89.0;null;;;;
Switzerland [Europe];null;null;2017;84.0;null;No;;Yes;
Paraguay [Americas];null;null;2020;82.0;null;;;;
Canada [Americas];null;null;2008;42.0;null;;;;
Marshall Islands [Western Pacific];null;null;2010;24.0;null;;;;
Honduras [Americas];null;null;2018;91.0;null;;;;
Benin [Africa];null;null;2014;69.0;null;; Not tested/reported;;
Canada [Americas];null;null;2006;26.0;null;;;;
Bahamas [Americas];null;null;2013;97.0;null;;;;
Qatar [Eastern Mediterranean];null;null;2018;98.0;null;;;;
Hungary [Europe];null;null;2012;90.0;null;;;;
Ghana [Africa];null;null;2018;96.0;null;;;;
New Zealand [Western Pacific];null;null;2010;89.0;null;;;;
Portugal [Europe];null;null;2019;98.0;null;;;;
Bhutan [South-East Asia];null;null;2020;90.0;null;;;;
El Salvador [Americas];null;null;2010;69.0;null;;Not tested/reported;;
Venezuela (Bolivarian Republic of) [Americas];null;null;2016;7.0;null;;;;
United Arab Emirates [Eastern Mediterranean];null;null;2014;99.0;null;;;;
United States of America [Americas];null;null;2005;83.0;null;;;;
Oman [Eastern Mediterranean];null;null;2010;99.0;null;;;;
Chile [Americas];null;null;2018;93.0;null;;;;
Belgium [Europe];null;null;2018;94.0;null;;;;
null;Low-income;null;2020;64.0;null;;;;
Nepal [South-East Asia];null;null;2020;80.0;null;;;;
Nepal [South-East Asia];null;null;2017;80.0;null;No;;;
Gambia [Africa];null;null;2017;90.0;null;No;;;
Botswana [Africa];null;null;2017;89.0;null;Yes;;;
Niue [Western Pacific];null;null;2018;99.0;null;;;;
Uruguay [Americas];null;null;2020;94.0;null;;;;
Mauritius [Africa];null;null;2019;97.0;null;;;;
null;null;Africa;2018;69.0;null;;;;
Zambia [Africa];null;null;2018;90.0;null;;;;
null;Upper-middle-income;null;2008;1.0;null;;;;
Zimbabwe [Africa];null;null;2013;95.0;null;;No;;
Chile [Americas];null;null;2020;89.0;null;;;;
Kuwait [Eastern Mediterranean];null;null;2018;91.0;null;;;;
Iceland [Europe];null;null;2014;90.0;null;;;;
Uganda [Africa];null;null;2019;92.0;null;;;;
occupied Palestinian territory including east Jerusalem [Eastern Mediterranean];null;null;2017;99.0;null;Yes;;;
Costa Rica [Americas];null;null;2020;95.0;null;;;;
Italy [Europe];null;null;2016;88.0;null;;;;
Switzerland [Europe];null;null;2013;75.0;null;;;;
Malawi [Africa];null;null;2012;99.0;null;;No;;
Canada [Americas];null;null;2002;11.0;null;;;;
Saudi Arabia [Eastern Mediterranean];null;null;2009;98.0;null;;Not tested/reported;;
occupied Palestinian territory including east Jerusalem [Eastern Mediterranean];null;null;2018;96.0;null;;;;
Peru [Americas];null;null;2015;90.0;null;;Not tested/reported;;
null;null;Eastern Mediterranean;2011;8.0;null;;;;
Kenya [Africa];null;null;2012;82.0;null;;Yes;;
Barbados [Americas];null;null;2012;84.0;null;;;;
Sweden [Europe];null;null;2008;60.0;null;;;;
Zambia [Africa];null;null;2015;81.0;null;;No;;
Sao Tome and Principe [Africa];null;null;2015;96.0;null;;Not tested/reported;;
Djibouti [Eastern Mediterranean];null;null;2013;82.0;null;;Not tested/reported;;
Kiribati [Western Pacific];null;null;2014;57.0;null;;;;
Italy [Europe];null;null;2019;92.0;null;;;;
Azerbaijan [Europe];null;null;2017;96.0;null;No;;;
Hungary [Europe];null;null;2013;92.0;null;;;;
Papua New Guinea [Western Pacific];null;null;2015;20.0;null;;Not tested/reported;;
Democratic Republic of the Congo [Africa];null;null;2017;58.0;null;No;;;
Niue [Western Pacific];null;null;2012;99.0;null;;;;
Denmark [Europe];null;null;2020;96.0;null;;;;
null;High-income;null;2012;78.0;null;;;;
Brazil [Americas];null;null;2010;24.0;null;;Not tested/reported;;
Bolivia (Plurinational State of) [Americas];null;null;2018;83.0;null;;;;
Netherlands [Europe];null;null;2009;96.0;null;;;;
Slovakia [Europe];null;null;2015;96.0;null;;;;
Kazakhstan [Europe];null;null;2013;52.0;null;;;;
Nepal [South-East Asia];null;null;2018;82.0;null;;;;
occupied Palestinian territory including east Jerusalem [Eastern Mediterranean];null;null;2020;99.0;null;;;;
Solomon Islands [Western Pacific];null;null;2020;93.0;null;;;;
Philippines [Western Pacific];null;null;2018;43.0;null;;;;
Mongolia [Western Pacific];null;null;2019;49.0;null;;;;
Rwanda [Africa];null;null;2014;98.0;null;; Not tested/reported;;
Afghanistan [Eastern Mediterranean];null;null;2017;66.0;null;-;;;
Burkina Faso [Africa];null;null;2016;91.0;null;;;;
Norway [Europe];null;null;2014;91.0;null;;;;
Honduras [Americas];null;null;2016;94.0;null;;;;
null;null;Eastern Mediterranean;2009;5.0;null;;;;
Bahrain [Eastern Mediterranean];null;null;2010;99.0;null;;;;
France [Europe];null;null;2013;89.0;null;;;;
Panama [Americas];null;null;2018;97.0;null;;;;
Bangladesh [South-East Asia];null;null;2017;99.0;null;No;;Not applicable;
Australia [Western Pacific];null;null;2008;91.0;null;;;;
Senegal [Africa];null;null;2018;92.0;null;;;;
null;null;Africa;2008;0.0;null;;;;
Luxembourg [Europe];null;null;2007;86.0;null;;;;
Guatemala [Americas];null;null;2013;24.0;null;;Not tested/reported;;
Trinidad and Tobago [Americas];null;null;2016;91.0;null;;;;
Congo [Africa];null;null;2014;85.0;null;;No;;
null;null;Europe;2018;78.0;null;;;;
Brazil [Americas];null;null;2014;93.0;null;; Not tested/reported;;
Greece [Europe];null;null;2013;32.0;null;;;;
null;Upper-middle-income;null;2015;31.0;null;;;;
null;null;Western Pacific;2019;14.0;null;;;;
Togo [Africa];null;null;2017;83.0;null;No;;Not applicable;
Myanmar [South-East Asia];null;null;2016;14.0;null;;;;
Serbia [Europe];null;null;2018;67.0;null;;;;
Barbados [Americas];null;null;2018;89.0;null;;;;
null;null;Europe;2011;41.0;null;;;;
Ecuador [Americas];null;null;2020;76.0;null;;;;
Philippines [Western Pacific];null;null;2020;66.0;null;;;;
Mali [Africa];null;null;2011;56.0;null;;Not tested/reported;;
Dominican Republic [Americas];null;null;2019;70.0;null;;;;
Republic of Moldova [Europe];null;null;2019;80.0;null;;;;
Kuwait [Eastern Mediterranean];null;null;2019;91.0;null;;;;
Congo [Africa];null;null;2015;80.0;null;;Not tested/reported;;
Andorra [Europe];null;null;2016;92.0;null;;;;
Argentina [Americas];null;null;2019;80.0;null;;;;
Greece [Europe];null;null;2014;96.0;null;;;;
Kuwait [Eastern Mediterranean];null;null;2010;98.0;null;;;;
Indonesia [South-East Asia];null;null;2018;0.0;null;;;;
Andorra [Europe];null;null;2017;98.0;null;;;;
Niue [Western Pacific];null;null;2015;99.0;null;;;;
null;null;South-East Asia;2019;23.0;null;;;;
Uruguay [Americas];null;null;2017;94.0;null;No;;;
New Zealand [Western Pacific];null;null;2016;93.0;null;;;;
Sweden [Europe];null;null;2010;98.0;null;;;;
South Africa [Africa];null;null;2016;82.0;null;;;;
Iceland [Europe];null;null;2012;86.0;null;;;;
Hungary [Europe];null;null;2011;84.0;null;;;;
Lesotho [Africa];null;null;2018;87.0;null;;;;
Hungary [Europe];null;null;2019;99.0;null;;;;
Belgium [Europe];null;null;2012;93.0;null;;;;
Senegal [Africa];null;null;2014;81.0;null;;Yes;;
Guinea-Bissau [Africa];null;null;2019;78.0;null;;;;
null;null;Americas;2019;82.0;null;;;;
Morocco [Eastern Mediterranean];null;null;2015;95.0;null;;;;
Mauritania [Africa];null;null;2013;1.0;null;;Not tested/reported;;
Australia [Western Pacific];null;null;2010;91.0;null;;;;
Bahrain [Eastern Mediterranean];null;null;2014;98.0;null;;;;
Eritrea [Africa];null;null;2020;95.0;null;;;;
Niue [Western Pacific];null;null;2017;99.0;null;;;;
Burkina Faso [Africa];null;null;2020;91.0;null;;;;
Lebanon [Eastern Mediterranean];null;null;2020;74.0;null;;;;
Malawi [Africa];null;null;2019;95.0;null;;;;
Qatar [Eastern Mediterranean];null;null;2010;97.0;null;;;;
Uruguay [Americas];null;null;2012;93.0;null;;;;
Japan [Western Pacific];null;null;2016;99.0;null;;;;
Belgium [Europe];null;null;2019;94.0;null;;;;
Bahamas [Americas];null;null;2009;3.0;null;;;;
null;Lower-middle-income;null;2020;45.0;null;;;;
Papua New Guinea [Western Pacific];null;null;2017;36.0;null;Yes;;;
Pakistan [Eastern Mediterranean];null;null;2018;81.0;null;;;;
United States of America [Americas];null;null;2018;92.0;null;;;;
Cyprus [Europe];null;null;2019;81.0;null;;;;
null;null;Western Pacific;2016;13.0;null;;;;
Palau [Western Pacific];null;null;2011;61.0;null;;;;
null;null;Africa;2014;48.0;null;;;;
Guinea-Bissau [Africa];null;null;2015;10.0;null;;Not tested/reported;;
null;null;Africa;2016;66.0;null;;;;
Luxembourg [Europe];null;null;2016;95.0;null;;;;
Afghanistan [Eastern Mediterranean];null;null;2014;49.0;null;;Yes;;
Guinea-Bissau [Africa];null;null;2017;79.0;null;Yes;;;
Yemen [Eastern Mediterranean];null;null;2013;73.0;null;;No;;
Luxembourg [Europe];null;null;2015;95.0;null;;;;
null;null;Americas;2010;51.0;null;;;;
Panama [Americas];null;null;2015;92.0;null;;Not tested/reported;;
Angola [Africa];null;null;2014;45.0;null;; Not tested/reported;;
Benin [Africa];null;null;2018;73.0;null;;;;
Israel [Europe];null;null;2011;92.0;null;;;;
Cameroon [Africa];null;null;2012;84.0;null;;Not tested/reported;;
null;null;Global;2020;49.0;null;;;;
Chile [Americas];null;null;2012;82.0;null;;;;
Zambia [Africa];null;null;2020;85.0;null;;;;
United Arab Emirates [Eastern Mediterranean];null;null;2011;95.0;null;;;;
Republic of Korea [Western Pacific];null;null;2016;98.0;null;;;;
Nicaragua [Americas];null;null;2019;98.0;null;;;;
Panama [Americas];null;null;2010;48.0;null;;Not tested/reported;;
Iceland [Europe];null;null;2019;92.0;null;;;;
null;Lower-middle-income;null;2014;18.0;null;;;;
null;High-income;null;2018;90.0;null;;;;
Kenya [Africa];null;null;2014;81.0;null;; Not tested/reported;;
null;null;Global;2014;32.0;null;;;;
Nicaragua [Americas];null;null;2014;98.0;null;; Not tested/reported;;
Norway [Europe];null;null;2017;94.0;null;No;;Yes;
Ethiopia [Africa];null;null;2011;12.0;null;;Yes;;
Kyrgyzstan [Europe];null;null;2017;88.0;null;Yes;;;
null;null;Global;2010;11.0;null;;;;
Iraq [Eastern Mediterranean];null;null;2018;33.0;null;;;;
null;null;Europe;2013;45.0;null;;;;
Paraguay [Americas];null;null;2012;82.0;null;;Not tested/reported;;
Azerbaijan [Europe];null;null;2014;64.0;null;; Not tested/reported;;
Norway [Europe];null;null;2008;86.0;null;;;;
Colombia [Americas];null;null;2018;94.0;null;;;;
United Republic of Tanzania [Africa];null;null;2013;80.0;null;;Yes;;
null;High-income;null;2011;76.0;null;;;;
null;Lower-middle-income;null;2013;14.0;null;;;;
null;Upper-middle-income;null;2020;34.0;null;;;;
Peru [Americas];null;null;2010;83.0;null;;Not tested/reported;;
Slovakia [Europe];null;null;2010;99.0;null;;;;
Mexico [Americas];null;null;2012;99.0;null;;Not tested/reported;;
Benin [Africa];null;null;2011;36.0;null;;Yes;;
Venezuela (Bolivarian Republic of) [Americas];null;null;2017;0.0;null;No;;;
Russian Federation [Europe];null;null;2017;70.0;null;Yes;;;
Greece [Europe];null;null;2020;96.0;null;;;;
Nigeria [Africa];null;null;2020;57.0;null;;;;
Sudan [Eastern Mediterranean];null;null;2020;90.0;null;;;;
Haiti [Americas];null;null;2020;51.0;null;;;;
Togo [Africa];null;null;2019;83.0;null;;;;
Dominican Republic [Americas];null;null;2015;22.0;null;;Not tested/reported;;
Azerbaijan [Europe];null;null;2019;95.0;null;;;;
Micronesia (Federated States of) [Western Pacific];null;null;2020;79.0;null;;;;
Brazil [Americas];null;null;2019;84.0;null;;;;
Switzerland [Europe];null;null;2010;37.0;null;;;;
null;null;South-East Asia;2015;4.0;null;;;;
Qatar [Eastern Mediterranean];null;null;2019;98.0;null;;;;
Ghana [Africa];null;null;2015;88.0;null;;Yes;;
Niger [Africa];null;null;2017;85.0;null;No;;;
Bahamas [Americas];null;null;2012;37.0;null;;;;
Bangladesh [South-East Asia];null;null;2016;97.0;null;;;;
Democratic Republic of the Congo [Africa];null;null;2016;58.0;null;;;;
Yemen [Eastern Mediterranean];null;null;2019;72.0;null;;;;
Lesotho [Africa];null;null;2020;87.0;null;;;;
Iceland [Europe];null;null;2017;88.0;null;No;;;
Armenia [Europe];null;null;2017;94.0;null;Yes;;;
Iceland [Europe];null;null;2015;91.0;null;;;;
null;High-income;null;2016;85.0;null;;;;
Bolivia (Plurinational State of) [Americas];null;null;2016;87.0;null;;;;
Russian Federation [Europe];null;null;2020;87.0;null;;;;
Dominican Republic [Americas];null;null;2017;64.0;null;No;;Not applicable;
United Arab Emirates [Eastern Mediterranean];null;null;2018;99.0;null;;;;
Lithuania [Europe];null;null;2018;82.0;null;;;;
Niue [Western Pacific];null;null;2016;99.0;null;;;;
Turkey [Europe];null;null;2013;97.0;null;;Not tested/reported;;
Zimbabwe [Africa];null;null;2018;89.0;null;;;;
null;null;Americas;2012;77.0;null;;;;
Burundi [Africa];null;null;2016;94.0;null;;;;
Niger [Africa];null;null;2019;81.0;null;;;;
Denmark [Europe];null;null;2017;97.0;null;Yes;;Yes;
Cambodia [Western Pacific];null;null;2017;82.0;null;No;;;
Sierra Leone [Africa];null;null;2018;92.0;null;;;;
Democratic Republic of the Congo [Africa];null;null;2019;58.0;null;;;;
Costa Rica [Americas];null;null;2015;94.0;null;;;;
Canada [Americas];null;null;2016;80.0;null;;;;
Bulgaria [Europe];null;null;2017;91.0;null;No;;;
Rwanda [Africa];null;null;2012;98.0;null;;Yes;;
null;null;Europe;2015;48.0;null;;;;
Angola [Africa];null;null;2020;47.0;null;;;;
Costa Rica [Americas];null;null;2019;95.0;null;;;;
Honduras [Americas];null;null;2013;99.0;null;;Not tested/reported;;
Switzerland [Europe];null;null;2018;84.0;null;;;;
Chile [Americas];null;null;2017;93.0;null;Yes;;Yes;
Finland [Europe];null;null;2011;92.0;null;;;;
Portugal [Europe];null;null;2016;73.0;null;;;;
Argentina [Americas];null;null;2016;82.0;null;;;;
Paraguay [Americas];null;null;2015;90.0;null;;;;
null;null;Europe;2009;24.0;null;;;;
Honduras [Americas];null;null;2011;78.0;null;;Not tested/reported;;
null;Lower-middle-income;null;2008;0.0;null;;;;
Uzbekistan [Europe];null;null;2020;93.0;null;;;;
null;null;Western Pacific;2017;13.0;null;;;;
Guyana [Americas];null;null;2018;91.0;null;;;;
null;Lower-middle-income;null;2016;32.0;null;;;;
Honduras [Americas];null;null;2012;97.0;null;;Not tested/reported;;
Finland [Europe];null;null;2018;88.0;null;;;;
Saudi Arabia [Eastern Mediterranean];null;null;2011;98.0;null;;Not tested/reported;;
Peru [Americas];null;null;2013;85.0;null;;Not tested/reported;;
Eswatini [Africa];null;null;2020;83.0;null;;;;
Lithuania [Europe];null;null;2020;83.0;null;;;;
Djibouti [Eastern Mediterranean];null;null;2020;70.0;null;;;;
Kiribati [Western Pacific];null;null;2015;74.0;null;;;;
El Salvador [Americas];null;null;2017;87.0;null;Yes;;;
Barbados [Americas];null;null;2020;86.0;null;;;;
null;null;Eastern Mediterranean;2016;50.0;null;;;;
Nepal [South-East Asia];null;null;2015;5.0;null;;Not tested/reported;;
Poland [Europe];null;null;2018;60.0;null;;;;
C\u00f4te d'Ivoire [Africa];null;null;2015;70.0;null;;Not tested/reported;;
Mauritania [Africa];null;null;2020;70.0;null;;;;
Switzerland [Europe];null;null;2009;25.0;null;;;;
Marshall Islands [Western Pacific];null;null;2017;72.0;null;;;;
Lithuania [Europe];null;null;2017;82.0;null;Yes;;Not applicable;
United States of America [Americas];null;null;2019;92.0;null;;;;
Ireland [Europe];null;null;2020;86.0;null;;;;
Nigeria [Africa];null;null;2016;49.0;null;;;;
Zambia [Africa];null;null;2019;89.0;null;;;;
Russian Federation [Europe];null;null;2016;35.0;null;;;;
Saudi Arabia [Eastern Mediterranean];null;null;2010;98.0;null;;Not tested/reported;;
Latvia [Europe];null;null;2018;84.0;null;;;;
Mexico [Americas];null;null;2019;86.0;null;;;;
Denmark [Europe];null;null;2013;90.0;null;;;;
Switzerland [Europe];null;null;2015;80.0;null;;;;
Djibouti [Eastern Mediterranean];null;null;2014;78.0;null;; Not tested/reported;;
Switzerland [Europe];null;null;2012;62.0;null;;;;
Sao Tome and Principe [Africa];null;null;2019;95.0;null;;;;
null;Low-income;null;2016;62.0;null;;;;
Afghanistan [Eastern Mediterranean];null;null;2015;65.0;null;;Not tested/reported;;
Rwanda [Africa];null;null;2016;98.0;null;;;;
Pakistan [Eastern Mediterranean];null;null;2016;78.0;null;;;;
Chile [Americas];null;null;2011;54.0;null;;;;
Luxembourg [Europe];null;null;2012;95.0;null;;;;
null;High-income;null;2013;79.0;null;;;;
United States of America [Americas];null;null;2020;82.0;null;;;;
null;High-income;null;2009;50.0;null;;;;
null;null;Americas;2013;79.0;null;;;;
null;null;Americas;2009;34.0;null;;;;
Canada [Americas];null;null;2005;17.0;null;;;;
Azerbaijan [Europe];null;null;2018;95.0;null;;;;
Micronesia (Federated States of) [Western Pacific];null;null;2017;65.0;null;No;;;
Switzerland [Europe];null;null;2011;50.0;null;;;;
Malawi [Africa];null;null;2015;88.0;null;;Yes;;
Bahrain [Eastern Mediterranean];null;null;2012;99.0;null;;;;
Solomon Islands [Western Pacific];null;null;2018;84.0;null;;;;
Togo [Africa];null;null;2020;82.0;null;;;;
null;null;Global;2016;41.0;null;;;;
Luxembourg [Europe];null;null;2010;86.0;null;;;;
United Arab Emirates [Eastern Mediterranean];null;null;2017;96.0;null;No;;;
Italy [Europe];null;null;2020;91.0;null;;;;
Ghana [Africa];null;null;2019;97.0;null;;;;
Burundi [Africa];null;null;2011;14.0;null;;Not tested/reported;;
Micronesia (Federated States of) [Western Pacific];null;null;2012;60.0;null;;;;
null;null;Europe;2008;8.0;null;;;;
Barbados [Americas];null;null;2019;93.0;null;;;;
Palau [Western Pacific];null;null;2009;18.0;null;;;;
Nigeria [Africa];null;null;2019;57.0;null;;;;
null;null;South-East Asia;2011;0.0;null;;;;
Trinidad and Tobago [Americas];null;null;2013;80.0;null;;;;
Barbados [Americas];null;null;2015;97.0;null;;;;
Liberia [Africa];null;null;2015;36.0;null;;Not tested/reported;;
Eswatini [Africa];null;null;2017;87.0;null;Yes;;Not applicable;
Republic of Korea [Western Pacific];null;null;2019;98.0;null;;;;
Sudan [Eastern Mediterranean];null;null;2019;93.0;null;;;;
Mali [Africa];null;null;2012;58.0;null;;Yes;;
Kenya [Africa];null;null;2019;91.0;null;;;;
Andorra [Europe];null;null;2020;96.0;null;;;;
Sudan [Eastern Mediterranean];null;null;2015;93.0;null;;Yes;;
Fiji [Western Pacific];null;null;2016;99.0;null;;;;
Qatar [Eastern Mediterranean];null;null;2013;99.0;null;;;;
Lao People's Democratic Republic [Western Pacific];null;null;2016;78.0;null;;;;
Senegal [Africa];null;null;2016;93.0;null;;;;
Central African Republic [Africa];null;null;2020;40.0;null;;;;
Libya [Eastern Mediterranean];null;null;2017;94.0;null;No;;;
Dominican Republic [Americas];null;null;2018;70.0;null;;;;
Latvia [Europe];null;null;2014;84.0;null;;;;
Brazil [Americas];null;null;2016;84.0;null;;;;
Marshall Islands [Western Pacific];null;null;2018;67.0;null;;;;
Sweden [Europe];null;null;2018;97.0;null;;;;
Seychelles [Africa];null;null;2018;16.0;null;;;;
Finland [Europe];null;null;2013;92.0;null;;;;
Madagascar [Africa];null;null;2013;76.0;null;;Yes;;
Cambodia [Western Pacific];null;null;2020;90.0;null;;;;
Colombia [Americas];null;null;2016;89.0;null;;;;
Ireland [Europe];null;null;2016;91.0;null;;;;
South Africa [Africa];null;null;2013;77.0;null;;Not tested/reported;;
United States of America [Americas];null;null;2017;92.0;null;No;;Yes;
Denmark [Europe];null;null;2015;91.0;null;;;;
Burkina Faso [Africa];null;null;2014;91.0;null;; Not tested/reported;;
United Arab Emirates [Eastern Mediterranean];null;null;2015;99.0;null;;;;
Togo [Africa];null;null;2015;77.0;null;;Not tested/reported;;
null;null;South-East Asia;2016;9.0;null;;;;
Canada [Americas];null;null;2007;34.0;null;;;;
Cambodia [Western Pacific];null;null;2018;84.0;null;;;;
Ireland [Europe];null;null;2019;86.0;null;;;;
Madagascar [Africa];null;null;2020;65.0;null;;;;
Morocco [Eastern Mediterranean];null;null;2011;23.0;null;;;;
null;High-income;null;2015;84.0;null;;;;
Hungary [Europe];null;null;2014;93.0;null;;;;
Madagascar [Africa];null;null;2016;65.0;null;;;;
Sierra Leone [Africa];null;null;2013;92.0;null;;Not tested/reported;;
Zimbabwe [Africa];null;null;2019;90.0;null;;;;
Argentina [Americas];null;null;2015;82.0;null;;;;
Slovenia [Europe];null;null;2018;60.0;null;;;;
Japan [Western Pacific];null;null;2020;95.0;null;;;;
null;null;Africa;2010;3.0;null;;;;
New Zealand [Western Pacific];null;null;2017;94.0;null;Yes;;;
Bulgaria [Europe];null;null;2019;88.0;null;;;;
null;null;South-East Asia;2020;27.0;null;;;;
Botswana [Africa];null;null;2012;52.0;null;;Not tested/reported;;
Turkey [Europe];null;null;2015;97.0;null;;;;
Norway [Europe];null;null;2010;91.0;null;;;;
Benin [Africa];null;null;2015;72.0;null;;Yes;;
Bahamas [Americas];null;null;2018;90.0;null;;;;
Eritrea [Africa];null;null;2017;95.0;null;No;;;
Afghanistan [Eastern Mediterranean];null;null;2019;68.0;null;;;;
Bahrain [Eastern Mediterranean];null;null;2009;96.0;null;;;;
Japan [Western Pacific];null;null;2012;98.0;null;;;;
Mali [Africa];null;null;2014;57.0;null;;Yes;;
Peru [Americas];null;null;2018;82.0;null;;;;
Ethiopia [Africa];null;null;2017;64.0;null;No;;;
Colombia [Americas];null;null;2011;46.0;null;;No;;
Lao People's Democratic Republic [Western Pacific];null;null;2017;82.0;null;No;;;
Republic of Moldova [Europe];null;null;2018;85.0;null;;;;
New Zealand [Western Pacific];null;null;2020;92.0;null;;;;
Papua New Guinea [Western Pacific];null;null;2019;35.0;null;;;;
Switzerland [Europe];null;null;2016;80.0;null;;;;
Nicaragua [Americas];null;null;2015;98.0;null;;Not tested/reported;;
India [South-East Asia];null;null;2020;21.0;null;;;;
Switzerland [Europe];null;null;2007;1.0;null;;;;
New Zealand [Western Pacific];null;null;2009;87.0;null;;;;
United Arab Emirates [Eastern Mediterranean];null;null;2010;94.0;null;;;;
Mali [Africa];null;null;2015;67.0;null;;Yes;;
Australia [Western Pacific];null;null;2014;91.0;null;;;;
Sweden [Europe];null;null;2019;97.0;null;;;;
Kuwait [Eastern Mediterranean];null;null;2012;99.0;null;;;;
Japan [Western Pacific];null;null;2018;98.0;null;;;;
Netherlands [Europe];null;null;2018;93.0;null;;;;
null;Lower-middle-income;null;2010;0.0;null;;;;
occupied Palestinian territory including east Jerusalem [Eastern Mediterranean];null;null;2014;99.0;null;;;;
null;Low-income;null;2011;10.0;null;;;;
Democratic Republic of the Congo [Africa];null;null;2014;56.0;null;;Yes;;
Benin [Africa];null;null;2019;73.0;null;;;;
Benin [Africa];null;null;2013;70.0;null;;Not tested/reported;;
Central African Republic [Africa];null;null;2017;40.0;null;Yes;;;
Israel [Europe];null;null;2012;93.0;null;;;;
Peru [Americas];null;null;2011;82.0;null;;Not tested/reported;;
Burundi [Africa];null;null;2014;95.0;null;;Yes;;
Namibia [Africa];null;null;2017;67.0;null;Yes;;;
Latvia [Europe];null;null;2020;91.0;null;;;;
Costa Rica [Americas];null;null;2017;96.0;null;No;;;
Myanmar [South-East Asia];null;null;2019;90.0;null;;;;
Denmark [Europe];null;null;2018;96.0;null;;;;
Lithuania [Europe];null;null;2019;82.0;null;;;;
Mexico [Americas];null;null;2013;84.0;null;;Not tested/reported;;
Burundi [Africa];null;null;2013;96.0;null;;Not tested/reported;;
null;null;Europe;2020;79.0;null;;;;
United States of America [Americas];null;null;2014;93.0;null;;;;
Zimbabwe [Africa];null;null;2016;90.0;null;;;;
null;null;Global;2008;4.0;null;;;;
United Republic of Tanzania [Africa];null;null;2014;93.0;null;; Not tested/reported;;
Turkey [Europe];null;null;2020;95.0;null;;;;
Malawi [Africa];null;null;2013;89.0;null;;Not tested/reported;;
Nicaragua [Americas];null;null;2020;92.0;null;;;;
null;null;Global;2011;16.0;null;;;;
Denmark [Europe];null;null;2011;90.0;null;;;;
Italy [Europe];null;null;2008;60.0;null;;;;
South Africa [Africa];null;null;2019;86.0;null;;;;
Colombia [Americas];null;null;2012;84.0;null;;Yes;;
Rwanda [Africa];null;null;2015;98.0;null;;Not tested/reported;;
Paraguay [Americas];null;null;2013;90.0;null;;Not tested/reported;;
South Africa [Africa];null;null;2011;62.0;null;;Not tested/reported;;
Angola [Africa];null;null;2018;59.0;null;;;;
null;High-income;null;2019;89.0;null;;;;
null;null;Global;2013;26.0;null;;;;
Peru [Americas];null;null;2017;80.0;null;No;;;
Pakistan [Eastern Mediterranean];null;null;2017;81.0;null;No;;Not applicable;
Germany [Europe];null;null;2013;84.0;null;;;;
Botswana [Africa];null;null;2015;93.0;null;;Not tested/reported;;
Ireland [Europe];null;null;2012;91.0;null;;;;
Andorra [Europe];null;null;2015;92.0;null;;;;
Libya [Eastern Mediterranean];null;null;2015;71.0;null;;;;
Micronesia (Federated States of) [Western Pacific];null;null;2011;63.0;null;;;;
Sweden [Europe];null;null;2014;96.0;null;;;;
Democratic Republic of the Congo [Africa];null;null;2011;9.0;null;;Not tested/reported;;
Kuwait [Eastern Mediterranean];null;null;2011;99.0;null;;;;
United States of America [Americas];null;null;2016;93.0;null;;;;
Barbados [Americas];null;null;2017;89.0;null;No;;;
Panama [Americas];null;null;2017;97.0;null;No;;;
Namibia [Africa];null;null;2016;84.0;null;;;;
Zimbabwe [Africa];null;null;2020;86.0;null;;;;
Oman [Eastern Mediterranean];null;null;2012;99.0;null;;;;
Peru [Americas];null;null;2016;86.0;null;;;;
null;Lower-middle-income;null;2017;36.0;null;;;;
Israel [Europe];null;null;2014;94.0;null;;;;
Japan [Western Pacific];null;null;2011;98.0;null;;;;
El Salvador [Americas];null;null;2016;90.0;null;;;;
Uganda [Africa];null;null;2014;60.0;null;; Not tested/reported;;
Australia [Western Pacific];null;null;2009;91.0;null;;;;
Qatar [Eastern Mediterranean];null;null;2011;98.0;null;;;;
null;null;South-East Asia;2013;0.0;null;;;;
Oman [Eastern Mediterranean];null;null;2011;99.0;null;;;;
United States of America [Americas];null;null;2009;93.0;null;;;;
Mozambique [Africa];null;null;2014;73.0;null;;No;;
Honduras [Americas];null;null;2020;80.0;null;;;;
null;null;South-East Asia;2008;0.0;null;;;;
null;High-income;null;2014;80.0;null;;;;
Trinidad and Tobago [Americas];null;null;2018;99.0;null;;;;
Germany [Europe];null;null;2010;85.0;null;;;;
Australia [Western Pacific];null;null;2020;97.0;null;;;;
Ghana [Africa];null;null;2020;95.0;null;;;;
null;Upper-middle-income;null;2010;16.0;null;;;;
Marshall Islands [Western Pacific];null;null;2012;46.0;null;;;;
Kenya [Africa];null;null;2018;92.0;null;;;;
Solomon Islands [Western Pacific];null;null;2017;81.0;null;Yes;;;
Israel [Europe];null;null;2013;94.0;null;;;;
null;High-income;null;2020;86.0;null;;;;
Guyana [Americas];null;null;2011;50.0;null;;Not tested/reported;;
Libya [Eastern Mediterranean];null;null;2014;39.0;null;;;;
Niue [Western Pacific];null;null;2014;99.0;null;;;;
null;Lower-middle-income;null;2009;0.0;null;;;;
Nigeria [Africa];null;null;2018;55.0;null;;;;
Libya [Eastern Mediterranean];null;null;2020;73.0;null;;;;
null;null;Americas;2018;82.0;null;;;;
El Salvador [Americas];null;null;2015;98.0;null;;Not tested/reported;;
Ethiopia [Africa];null;null;2012;30.0;null;;Yes;;
Colombia [Americas];null;null;2014;89.0;null;;Yes;;
Bahrain [Eastern Mediterranean];null;null;2015;98.0;null;;;;
Bahrain [Eastern Mediterranean];null;null;2019;97.0;null;;;;
Palau [Western Pacific];null;null;2015;95.0;null;;;;
Bulgaria [Europe];null;null;2012;94.0;null;;;;
Peru [Americas];null;null;2012;89.0;null;;Not tested/reported;;
Morocco [Eastern Mediterranean];null;null;2017;99.0;null;Yes;;Yes;
Germany [Europe];null;null;2015;84.0;null;;;;
Netherlands [Europe];null;null;2013;96.0;null;;;;
Uruguay [Americas];null;null;2015;94.0;null;;;;
Cameroon [Africa];null;null;2020;69.0;null;;;;
Myanmar [South-East Asia];null;null;2017;89.0;null;Yes;;Not applicable;
New Zealand [Western Pacific];null;null;2015;93.0;null;;;;
Lao People's Democratic Republic [Western Pacific];null;null;2014;60.0;null;;Yes;;
United States of America [Americas];null;null;2008;93.0;null;;;;
Marshall Islands [Western Pacific];null;null;2009;49.0;null;;;;
Netherlands [Europe];null;null;2017;93.0;null;Yes;;Yes;
Bahrain [Eastern Mediterranean];null;null;2011;99.0;null;;;;
Norway [Europe];null;null;2013;93.0;null;;;;
Eswatini [Africa];null;null;2014;67.0;null;; Not tested/reported;;
Australia [Western Pacific];null;null;2016;94.0;null;;;;
Greece [Europe];null;null;2017;96.0;null;Yes;;Yes;
Colombia [Americas];null;null;2010;22.0;null;;Not tested/reported;;
Gambia [Africa];null;null;2013;96.0;null;;Not tested/reported;;
Gambia [Africa];null;null;2012;98.0;null;;Not tested/reported;;
Marshall Islands [Western Pacific];null;null;2016;65.0;null;;;;
Madagascar [Africa];null;null;2014;68.0;null;;Yes;;
France [Europe];null;null;2011;89.0;null;;;;
Eritrea [Africa];null;null;2019;95.0;null;;;;
South Africa [Africa];null;null;2020;83.0;null;;;;
null;null;Americas;2011;69.0;null;;;;
Philippines [Western Pacific];null;null;2017;36.0;null;No;;;
Norway [Europe];null;null;2015;93.0;null;;;;
null;null;Western Pacific;2008;1.0;null;;;;
null;Low-income;null;2013;32.0;null;;;;
Albania [Europe];null;null;2017;99.0;null;No;;;
Congo [Africa];null;null;2013;85.0;null;;Yes;;
Saudi Arabia [Eastern Mediterranean];null;null;2013;98.0;null;;Not tested/reported;;
Ecuador [Americas];null;null;2016;84.0;null;;;;
Honduras [Americas];null;null;2017;90.0;null;No;;;
Bahamas [Americas];null;null;2015;95.0;null;;;;
Bangladesh [South-East Asia];null;null;2019;99.0;null;;;;
Bolivia (Plurinational State of) [Americas];null;null;2014;56.0;null;; Not tested/reported;;
Saudi Arabia [Eastern Mediterranean];null;null;2017;98.0;null;Yes;;;
Sao Tome and Principe [Africa];null;null;2018;95.0;null;;;;
Bahrain [Eastern Mediterranean];null;null;2018;98.0;null;;;;
Niger [Africa];null;null;2015;49.0;null;;Not tested/reported;;
Australia [Western Pacific];null;null;2007;91.0;null;;;;
Indonesia [South-East Asia];null;null;2020;4.0;null;;;;
Finland [Europe];null;null;2015;92.0;null;;;;
Canada [Americas];null;null;2019;84.0;null;;;;
Niger [Africa];null;null;2018;79.0;null;;;;
Botswana [Africa];null;null;2020;90.0;null;;;;
Belgium [Europe];null;null;2016;94.0;null;;;;
Spain [Europe];null;null;2020;88.0;null;;;;
Sweden [Europe];null;null;2009;98.0;null;;;;
Guyana [Americas];null;null;2014;97.0;null;; Not tested/reported;;
Mozambique [Africa];null;null;2017;80.0;null;Yes;;;
Albania [Europe];null;null;2011;99.0;null;;;;
Lao People's Democratic Republic [Western Pacific];null;null;2015;74.0;null;;No;;
Germany [Europe];null;null;2007;41.0;null;;;;
Guinea-Bissau [Africa];null;null;2018;82.0;null;;;;
Burundi [Africa];null;null;2019;93.0;null;;;;
Israel [Europe];null;null;2018;95.0;null;;;;
Zimbabwe [Africa];null;null;2017;89.0;null;Yes;;;
Burundi [Africa];null;null;2017;91.0;null;No;;;
Oman [Eastern Mediterranean];null;null;2014;98.0;null;;;;
Oman [Eastern Mediterranean];null;null;2016;99.0;null;;;;
Canada [Americas];null;null;2012;73.0;null;;;;
Kazakhstan [Europe];null;null;2016;97.0;null;;;;
Bulgaria [Europe];null;null;2020;85.0;null;;;;
Morocco [Eastern Mediterranean];null;null;2014;90.0;null;;;;
Switzerland [Europe];null;null;2014;80.0;null;;;;
null;Lower-middle-income;null;2011;3.0;null;;;;
Philippines [Western Pacific];null;null;2015;17.0;null;;Yes;;
Liberia [Africa];null;null;2014;25.0;null;;Yes;;
Morocco [Eastern Mediterranean];null;null;2012;72.0;null;;;;
Marshall Islands [Western Pacific];null;null;2011;35.0;null;;;;
Philippines [Western Pacific];null;null;2016;36.0;null;;;;
Philippines [Western Pacific];null;null;2019;51.0;null;;;;
null;null;Americas;2017;82.0;null;;;;
Canada [Americas];null;null;2013;79.0;null;;;;
C\u00f4te d'Ivoire [Africa];null;null;2017;82.0;null;No;;;
Guinea-Bissau [Africa];null;null;2016;83.0;null;;;;
Niger [Africa];null;null;2020;81.0;null;;;;
Iceland [Europe];null;null;2018;90.0;null;;;;
Slovakia [Europe];null;null;2017;96.0;null;Yes;;;
Lithuania [Europe];null;null;2016;82.0;null;;;;
Libya [Eastern Mediterranean];null;null;2018;72.0;null;;;;
Djibouti [Eastern Mediterranean];null;null;2018;84.0;null;;;;
Kuwait [Eastern Mediterranean];null;null;2017;99.0;null;No;;;
Angola [Africa];null;null;2016;55.0;null;;;;
Congo [Africa];null;null;2017;66.0;null;No;;;
Mali [Africa];null;null;2013;59.0;null;;Yes;;
United States of America [Americas];null;null;2006;87.0;null;;;;
null;null;Global;2019;49.0;null;;;;
Bolivia (Plurinational State of) [Americas];null;null;2019;75.0;null;;;;
Burkina Faso [Africa];null;null;2015;91.0;null;;Not tested/reported;;
Uruguay [Americas];null;null;2014;95.0;null;;;;
Ireland [Europe];null;null;2015;92.0;null;;;;
Sweden [Europe];null;null;2013;97.0;null;;;;
Senegal [Africa];null;null;2015;89.0;null;;Yes;;
Gambia [Africa];null;null;2016;95.0;null;;;;
null;Upper-middle-income;null;2011;23.0;null;;;;
null;Low-income;null;2019;65.0;null;;;;
Denmark [Europe];null;null;2016;94.0;null;;;;
Italy [Europe];null;null;2012;82.0;null;;;;
Sierra Leone [Africa];null;null;2020;91.0;null;;;;
Uganda [Africa];null;null;2016;77.0;null;;;;
Benin [Africa];null;null;2017;73.0;null;Yes;;;
Russian Federation [Europe];null;null;2019;85.0;null;;;;
Japan [Western Pacific];null;null;2019;97.0;null;;;;
Yemen [Eastern Mediterranean];null;null;2015;69.0;null;;Yes;;
Congo [Africa];null;null;2019;68.0;null;;;;
Fiji [Western Pacific];null;null;2019;99.0;null;;;;
Netherlands [Europe];null;null;2011;96.0;null;;;;
Sierra Leone [Africa];null;null;2019;94.0;null;;;;
null;null;Western Pacific;2018;14.0;null;;;;
Mauritania [Africa];null;null;2019;77.0;null;;;;
null;Low-income;null;2012;20.0;null;;;;
Argentina [Americas];null;null;2012;41.0;null;;Not tested/reported;;
United Kingdom of Great Britain and Northern Ireland [Europe];null;null;2014;93.0;null;;;;
Costa Rica [Americas];null;null;2011;68.0;null;;Not tested/reported;;
Togo [Africa];null;null;2016;82.0;null;;;;
Latvia [Europe];null;null;2011;76.0;null;;;;
Mali [Africa];null;null;2016;76.0;null;;;;
Oman [Eastern Mediterranean];null;null;2013;99.0;null;;;;
Germany [Europe];null;null;2018;84.0;null;;;;
Algeria [Africa];null;null;2019;91.0;null;;;;
Norway [Europe];null;null;2011;92.0;null;;;;
Germany [Europe];null;null;2006;15.0;null;;;;
Nepal [South-East Asia];null;null;2016;46.0;null;;;;
Rwanda [Africa];null;null;2020;91.0;null;;;;
Canada [Americas];null;null;2009;50.0;null;;;;
Australia [Western Pacific];null;null;2013;91.0;null;;;;
Angola [Africa];null;null;2015;55.0;null;;Not tested/reported;;
Republic of Moldova [Europe];null;null;2013;1.0;null;;;;
Norway [Europe];null;null;2016;94.0;null;;;;
Lao People's Democratic Republic [Western Pacific];null;null;2019;81.0;null;;;;
Morocco [Eastern Mediterranean];null;null;2016;98.0;null;;;;
France [Europe];null;null;2010;89.0;null;;;;
Qatar [Eastern Mediterranean];null;null;2017;98.0;null;No;;Yes;
Palau [Western Pacific];null;null;2014;93.0;null;;;;
Portugal [Europe];null;null;2018;98.0;null;;;;
Republic of Moldova [Europe];null;null;2015;72.0;null;;;;
Slovakia [Europe];null;null;2013;98.0;null;;;;
Palau [Western Pacific];null;null;2010;45.0;null;;;;
null;null;Africa;2009;0.0;null;;;;
Central African Republic [Africa];null;null;2013;23.0;null;;Not tested/reported;;
Slovakia [Europe];null;null;2019;96.0;null;;;;
Luxembourg [Europe];null;null;2013;95.0;null;;;;
Haiti [Americas];null;null;2018;12.0;null;;;;
Burkina Faso [Africa];null;null;2018;91.0;null;;;;
Greece [Europe];null;null;2018;96.0;null;;;;
null;Lower-middle-income;null;2019;43.0;null;;;;
Morocco [Eastern Mediterranean];null;null;2010;1.0;null;;;;
Hungary [Europe];null;null;2017;99.0;null;Yes;;Not applicable;
South Africa [Africa];null;null;2010;58.0;null;;No;;
Albania [Europe];null;null;2013;99.0;null;;;;
Slovenia [Europe];null;null;2019;65.0;null;;;;
Afghanistan [Eastern Mediterranean];null;null;2016;62.0;null;;;;
Slovakia [Europe];null;null;2012;99.0;null;;;;
El Salvador [Americas];null;null;2019;82.0;null;;;;
Bolivia (Plurinational State of) [Americas];null;null;2020;68.0;null;;;;
Slovakia [Europe];null;null;2020;96.0;null;;;;
Burundi [Africa];null;null;2015;94.0;null;;Not tested/reported;;
Congo [Africa];null;null;2018;73.0;null;;;;
Luxembourg [Europe];null;null;2009;86.0;null;;;;
Fiji [Western Pacific];null;null;2013;87.0;null;;;;
Kyrgyzstan [Europe];null;null;2018;92.0;null;;;;
Mauritania [Africa];null;null;2017;77.0;null;No;;;
Papua New Guinea [Western Pacific];null;null;2020;39.0;null;;;;
United States of America [Americas];null;null;2012;92.0;null;;;;
Mozambique [Africa];null;null;2020;65.0;null;;;;
New Zealand [Western Pacific];null;null;2011;92.0;null;;;;
United States of America [Americas];null;null;2015;93.0;null;;;;
Kenya [Africa];null;null;2017;82.0;null;Yes;;;
Rwanda [Africa];null;null;2010;97.0;null;;Not tested/reported;;
Uruguay [Americas];null;null;2013;93.0;null;;;;
Iceland [Europe];null;null;2016;90.0;null;;;;
Lebanon [Eastern Mediterranean];null;null;2019;82.0;null;;;;
Latvia [Europe];null;null;2016;84.0;null;;;;
Democratic Republic of the Congo [Africa];null;null;2015;66.0;null;;Yes;;
Brazil [Americas];null;null;2012;88.0;null;;Not tested/reported;;
Niger [Africa];null;null;2016;76.0;null;;;;
United Kingdom of Great Britain and Northern Ireland [Europe];null;null;2017;92.0;null;Yes;;Yes;
Saudi Arabia [Eastern Mediterranean];null;null;2015;98.0;null;;Not tested/reported;;
Albania [Europe];null;null;2018;98.0;null;;;;
Kyrgyzstan [Europe];null;null;2020;90.0;null;;;;
Italy [Europe];null;null;2015;89.0;null;;;;
Cameroon [Africa];null;null;2014;83.0;null;; Not tested/reported;;
Sweden [Europe];null;null;2011;98.0;null;;;;
Angola [Africa];null;null;2013;9.0;null;;Not tested/reported;;
Japan [Western Pacific];null;null;2015;96.0;null;;;;
Turkey [Europe];null;null;2019;97.0;null;;;;
Brazil [Americas];null;null;2013;94.0;null;;Not tested/reported;;
Netherlands [Europe];null;null;2015;94.0;null;;;;
Latvia [Europe];null;null;2019;84.0;null;;;;
Qatar [Eastern Mediterranean];null;null;2012;92.0;null;;;;
Mozambique [Africa];null;null;2016;80.0;null;;;;
Republic of Moldova [Europe];null;null;2020;72.0;null;;;;
Sweden [Europe];null;null;2016;97.0;null;;;;
Senegal [Africa];null;null;2017;92.0;null;No;;;
Singapore [Western Pacific];null;null;2018;82.0;null;;;;
null;null;Africa;2011;12.0;null;;;;
Canada [Americas];null;null;2004;7.0;null;;;;
null;null;Eastern Mediterranean;2020;52.0;null;;;;
Lesotho [Africa];null;null;2019;87.0;null;;;;
Slovakia [Europe];null;null;2011;99.0;null;;;;
Malawi [Africa];null;null;2020;93.0;null;;;;
Kenya [Africa];null;null;2013;75.0;null;;Not tested/reported;;
Paraguay [Americas];null;null;2014;86.0;null;; Not tested/reported;;
Turkey [Europe];null;null;2010;93.0;null;;Not tested/reported;;
Canada [Americas];null;null;2018;81.0;null;;;;
Mozambique [Africa];null;null;2015;80.0;null;;No;;
India [South-East Asia];null;null;2018;6.0;null;;;;
Panama [Americas];null;null;2016;94.0;null;;;;
Bulgaria [Europe];null;null;2014;92.0;null;;;;
Canada [Americas];null;null;2020;84.0;null;;;;
Italy [Europe];null;null;2009;66.0;null;;;;
Madagascar [Africa];null;null;2019;67.0;null;;;;
Guyana [Americas];null;null;2017;97.0;null;-;;Not applicable;
null;null;Europe;2012;44.0;null;;;;
Kazakhstan [Europe];null;null;2012;37.0;null;;;;
Zimbabwe [Africa];null;null;2015;87.0;null;;Not tested/reported;;
null;null;Americas;2008;28.0;null;;;;
Botswana [Africa];null;null;2016;91.0;null;;;;
United States of America [Americas];null;null;2011;94.0;null;;;;
Dominican Republic [Americas];null;null;2014;27.0;null;;No;;
Ethiopia [Africa];null;null;2018;63.0;null;;;;
Saudi Arabia [Eastern Mediterranean];null;null;2014;98.0;null;; Not tested/reported;;
Palau [Western Pacific];null;null;2018;82.0;null;;;;
Nigeria [Africa];null;null;2017;53.0;null;Yes;;;
Peru [Americas];null;null;2014;86.0;null;; Not tested/reported;;
Argentina [Americas];null;null;2018;88.0;null;;;;
Uruguay [Americas];null;null;2011;92.0;null;;;;
Palau [Western Pacific];null;null;2013;93.0;null;;;;
Republic of Korea [Western Pacific];null;null;2015;97.0;null;;Not tested/reported;;
Argentina [Americas];null;null;2020;75.0;null;;;;
Gambia [Africa];null;null;2014;96.0;null;; Not tested/reported;;
Barbados [Americas];null;null;2014;90.0;null;;;;
Zambia [Africa];null;null;2016;94.0;null;;;;
Niue [Western Pacific];null;null;2019;99.0;null;;;;
Slovakia [Europe];null;null;2016;96.0;null;;;;
Ghana [Africa];null;null;2012;43.0;null;;Yes;;
null;null;Africa;2013;34.0;null;;;;
Italy [Europe];null;null;2007;55.0;null;;;;
Singapore [Western Pacific];null;null;2017;83.0;null;Yes;;Yes;
Italy [Europe];null;null;2014;87.0;null;;;;
Hungary [Europe];null;null;2018;99.0;null;;;;
Germany [Europe];null;null;2011;86.0;null;;;;
Senegal [Africa];null;null;2019;96.0;null;;;;
Brazil [Americas];null;null;2017;84.0;null;Yes;;Not applicable;
Ethiopia [Africa];null;null;2016;61.0;null;;;;
Italy [Europe];null;null;2011;76.0;null;;;;
Kiribati [Western Pacific];null;null;2018;94.0;null;;;;
Nepal [South-East Asia];null;null;2019;83.0;null;;;;
Canada [Americas];null;null;2014;79.0;null;;;;
Ireland [Europe];null;null;2013;91.0;null;;;;
Djibouti [Eastern Mediterranean];null;null;2017;76.0;null;;;;
Gambia [Africa];null;null;2011;95.0;null;;Not tested/reported;;
Uganda [Africa];null;null;2020;89.0;null;;;;
Algeria [Africa];null;null;2016;61.0;null;;;;
Turkey [Europe];null;null;2011;96.0;null;;Not tested/reported;;
Georgia [Europe];null;null;2018;81.0;null;;;;
Albania [Europe];null;null;2012;99.0;null;;;;
Bulgaria [Europe];null;null;2016;90.0;null;;;;
El Salvador [Americas];null;null;2013;92.0;null;;Not tested/reported;;
Georgia [Europe];null;null;2017;80.0;null;Yes;;;
Chile [Americas];null;null;2016;93.0;null;;;;
Latvia [Europe];null;null;2013;87.0;null;;;;
null;Upper-middle-income;null;2017;35.0;null;;;;
United Arab Emirates [Eastern Mediterranean];null;null;2013;98.0;null;;;;
Eswatini [Africa];null;null;2016;90.0;null;;;;
Fiji [Western Pacific];null;null;2014;99.0;null;;;;
Lao People's Democratic Republic [Western Pacific];null;null;2020;77.0;null;;;;
Central African Republic [Africa];null;null;2019;40.0;null;;;;
occupied Palestinian territory including east Jerusalem [Eastern Mediterranean];null;null;2019;99.0;null;;;;
Sao Tome and Principe [Africa];null;null;2014;95.0;null;; Not tested/reported;;
Fiji [Western Pacific];null;null;2018;99.0;null;;;;
Canada [Americas];null;null;2003;9.0;null;;;;
Ghana [Africa];null;null;2016;93.0;null;;;;
null;null;Eastern Mediterranean;2015;50.0;null;;;;
Uruguay [Americas];null;null;2010;91.0;null;;;;
France [Europe];null;null;2015;91.0;null;;;;
null;Upper-middle-income;null;2012;26.0;null;;;;
Iraq [Eastern Mediterranean];null;null;2020;0.0;null;;;;
Switzerland [Europe];null;null;2019;84.0;null;;;;
Fiji [Western Pacific];null;null;2015;99.0;null;;;;
Sudan [Eastern Mediterranean];null;null;2018;93.0;null;;;;
Turkmenistan [Europe];null;null;2020;23.0;null;;;;
Finland [Europe];null;null;2016;87.0;null;;;;
Albania [Europe];null;null;2016;98.0;null;;;;
Oman [Eastern Mediterranean];null;null;2018;99.0;null;;;;
Armenia [Europe];null;null;2018;92.0;null;;;;
null;null;Western Pacific;2010;1.0;null;;;;
null;null;South-East Asia;2017;12.0;null;;;;
Mexico [Americas];null;null;2014;94.0;null;; Not tested/reported;;
Uganda [Africa];null;null;2018;92.0;null;;;;
null;null;Western Pacific;2013;6.0;null;;;;
Cambodia [Western Pacific];null;null;2015;68.0;null;;Yes;;
Sudan [Eastern Mediterranean];null;null;2016;93.0;null;;;;
Sao Tome and Principe [Africa];null;null;2016;96.0;null;;;;
null;null;Western Pacific;2011;6.0;null;;;;
Republic of Korea [Western Pacific];null;null;2017;97.0;null;No;;Yes;
Cyprus [Europe];null;null;2015;81.0;null;;;;
Oman [Eastern Mediterranean];null;null;2015;98.0;null;;;;
France [Europe];null;null;2016;92.0;null;;;;
Russian Federation [Europe];null;null;2018;82.0;null;;;;
El Salvador [Americas];null;null;2011;98.0;null;;Not tested/reported;;
Denmark [Europe];null;null;2019;97.0;null;;;;
Micronesia (Federated States of) [Western Pacific];null;null;2016;63.0;null;;;;
Pakistan [Eastern Mediterranean];null;null;2019;81.0;null;;;;
null;High-income;null;2008;40.0;null;;;;
France [Europe];null;null;2014;89.0;null;;;;
Gambia [Africa];null;null;2010;99.0;null;;Not tested/reported;;
Uzbekistan [Europe];null;null;2017;99.0;null;Yes;;;
Eritrea [Africa];null;null;2018;95.0;null;;;;
Namibia [Africa];null;null;2018;61.0;null;;;;
Australia [Western Pacific];null;null;2015;93.0;null;;;;
Germany [Europe];null;null;2017;84.0;null;No;;Yes;
Niger [Africa];null;null;2014;13.0;null;; Not tested/reported;;
Malawi [Africa];null;null;2017;88.0;null;Yes;;;
Malawi [Africa];null;null;2016;83.0;null;;;;
Italy [Europe];null;null;2017;91.0;null;Yes;;Yes;
Burundi [Africa];null;null;2020;93.0;null;;;;
Venezuela (Bolivarian Republic of) [Americas];null;null;2020;0.0;null;;;;
Republic of Moldova [Europe];null;null;2017;79.0;null;Yes;;;
Angola [Africa];null;null;2019;53.0;null;;;;
Greece [Europe];null;null;2016;96.0;null;;;;
United Republic of Tanzania [Africa];null;null;2017;86.0;null;No;;;
Latvia [Europe];null;null;2017;87.0;null;Yes;;;
Nicaragua [Americas];null;null;2013;98.0;null;;Not tested/reported;;
Italy [Europe];null;null;2018;92.0;null;;;;
Denmark [Europe];null;null;2009;86.0;null;;;;
Luxembourg [Europe];null;null;2008;86.0;null;;;;
Congo [Africa];null;null;2016;67.0;null;;;;
Democratic Republic of the Congo [Africa];null;null;2012;13.0;null;;Yes;;
Sao Tome and Principe [Africa];null;null;2017;95.0;null;Yes;;;
Niue [Western Pacific];null;null;2013;99.0;null;;;;
Lao People's Democratic Republic [Western Pacific];null;null;2018;84.0;null;;;;
United Republic of Tanzania [Africa];null;null;2020;80.0;null;;;;
Trinidad and Tobago [Americas];null;null;2015;93.0;null;;;;
Libya [Eastern Mediterranean];null;null;2019;73.0;null;;;;
Bahamas [Americas];null;null;2011;1.0;null;;;;
Guyana [Americas];null;null;2015;94.0;null;;Not tested/reported;;
Turkey [Europe];null;null;2016;98.0;null;;;;
South Africa [Africa];null;null;2009;10.0;null;;Not tested/reported;;
Israel [Europe];null;null;2019;95.0;null;;;;
Mali [Africa];null;null;2019;74.0;null;;;;
Sweden [Europe];null;null;2020;97.0;null;;;;
null;null;Global;2009;7.0;null;;;;
Guatemala [Americas];null;null;2014;51.0;null;; Not tested/reported;;
Nicaragua [Americas];null;null;2011;61.0;null;;Not tested/reported;;
Republic of Moldova [Europe];null;null;2016;77.0;null;;;;
El Salvador [Americas];null;null;2012;94.0;null;;Not tested/reported;;
Switzerland [Europe];null;null;2006;1.0;null;;;;
Guatemala [Americas];null;null;2019;88.0;null;;;;
Gambia [Africa];null;null;2019;87.0;null;;;;
occupied Palestinian territory including east Jerusalem [Eastern Mediterranean];null;null;2013;97.0;null;;;;
Micronesia (Federated States of) [Western Pacific];null;null;2013;61.0;null;;;;
null;Lower-middle-income;null;2018;39.0;null;;;;
Guyana [Americas];null;null;2016;92.0;null;;;;
Benin [Africa];null;null;2012;67.0;null;;Not tested/reported;;
Iraq [Eastern Mediterranean];null;null;2017;33.0;null;No;;;
Brazil [Americas];null;null;2020;79.0;null;;;;
United Kingdom of Great Britain and Northern Ireland [Europe];null;null;2015;93.0;null;;;;
Micronesia (Federated States of) [Western Pacific];null;null;2018;67.0;null;;;;
Italy [Europe];null;null;2010;71.0;null;;;;
Micronesia (Federated States of) [Western Pacific];null;null;2014;64.0;null;;;;
Luxembourg [Europe];null;null;2006;86.0;null;;;;
Qatar [Eastern Mediterranean];null;null;2015;95.0;null;;;;
Eswatini [Africa];null;null;2019;87.0;null;;;;
Bangladesh [South-East Asia];null;null;2018;99.0;null;;;;
Ethiopia [Africa];null;null;2014;54.0;null;;Yes;;
Ecuador [Americas];null;null;2011;71.0;null;;No;;
Mexico [Americas];null;null;2017;92.0;null;No;;;
Slovakia [Europe];null;null;2014;96.0;null;;;;
Micronesia (Federated States of) [Western Pacific];null;null;2019;73.0;null;;;;
Albania [Europe];null;null;2015;99.0;null;;;;
Paraguay [Americas];null;null;2019;89.0;null;;;;
Australia [Western Pacific];null;null;2017;94.0;null;Yes;;Yes;
Eritrea [Africa];null;null;2016;95.0;null;;;;
Norway [Europe];null;null;2012;93.0;null;;;;
Mozambique [Africa];null;null;2019;80.0;null;;;;
Sudan [Eastern Mediterranean];null;null;2013;30.0;null;;Not tested/reported;;
Micronesia (Federated States of) [Western Pacific];null;null;2015;67.0;null;;;;
Cyprus [Europe];null;null;2016;81.0;null;;;;
Greece [Europe];null;null;2015;96.0;null;;;;
Australia [Western Pacific];null;null;2019;96.0;null;;;;
Sierra Leone [Africa];null;null;2017;90.0;null;;;;
Ireland [Europe];null;null;2018;90.0;null;;;;
null;Low-income;null;2009;0.0;null;;;;
null;Lower-middle-income;null;2015;26.0;null;;;;
Nicaragua [Americas];null;null;2016;98.0;null;;;;
Costa Rica [Americas];null;null;2012;89.0;null;;Not tested/reported;;
Angola [Africa];null;null;2017;52.0;null;Yes;;;
null;null;South-East Asia;2014;0.0;null;;;;
Indonesia [South-East Asia];null;null;2019;3.0;null;;;;
Pakistan [Eastern Mediterranean];null;null;2015;80.0;null;;Not tested/reported;;
null;High-income;null;2010;63.0;null;;;;
Botswana [Africa];null;null;2014;95.0;null;; Not tested/reported;;
Japan [Western Pacific];null;null;2013;98.0;null;;;;
Mongolia [Western Pacific];null;null;2018;26.0;null;;;;
El Salvador [Americas];null;null;2020;78.0;null;;;;
Panama [Americas];null;null;2012;76.0;null;;Not tested/reported;;
Bahamas [Americas];null;null;2010;1.0;null;;;;
India [South-East Asia];null;null;2019;15.0;null;;;;
Djibouti [Eastern Mediterranean];null;null;2019;85.0;null;;;;
Iceland [Europe];null;null;2013;88.0;null;;;;
Honduras [Americas];null;null;2014;99.0;null;; Not tested/reported;;
Pakistan [Eastern Mediterranean];null;null;2014;68.0;null;; Not tested/reported;;
Hungary [Europe];null;null;2016;98.0;null;;;;
Kuwait [Eastern Mediterranean];null;null;2013;99.0;null;;;;
Ecuador [Americas];null;null;2014;86.0;null;; Not tested/reported;;
Finland [Europe];null;null;2014;92.0;null;;;;
C\u00f4te d'Ivoire [Africa];null;null;2020;79.0;null;;;;
Romania [Europe];null;null;2019;88.0;null;;;;
Turkey [Europe];null;null;2017;96.0;null;No;;Yes;
Colombia [Americas];null;null;2019;93.0;null;;;;
Colombia [Americas];null;null;2015;91.0;null;;No;;
Botswana [Africa];null;null;2013;72.0;null;;Not tested/reported;;
Kazakhstan [Europe];null;null;2020;89.0;null;;;;
South Africa [Africa];null;null;2015;85.0;null;;Not tested/reported;;
Mongolia [Western Pacific];null;null;2020;92.0;null;;;;
Singapore [Western Pacific];null;null;2013;60.0;null;;;;
Bulgaria [Europe];null;null;2013;94.0;null;;;;
C\u00f4te d'Ivoire [Africa];null;null;2014;2.0;null;; Not tested/reported;;
Georgia [Europe];null;null;2016;75.0;null;;;;
Greece [Europe];null;null;2019;96.0;null;;;;
Bahrain [Eastern Mediterranean];null;null;2020;99.0;null;;;;
Netherlands [Europe];null;null;2012;96.0;null;;;;
United Republic of Tanzania [Africa];null;null;2019;83.0;null;;;;
Japan [Western Pacific];null;null;2014;98.0;null;;;;
Mauritius [Africa];null;null;2016;10.0;null;;;;
Benin [Africa];null;null;2020;68.0;null;;;;
null;null;Europe;2010;37.0;null;;;;
null;null;South-East Asia;2012;0.0;null;;;;
Sierra Leone [Africa];null;null;2015;86.0;null;;Not tested/reported;;
Lesotho [Africa];null;null;2015;29.0;null;;;;
Bahamas [Americas];null;null;2019;89.0;null;;;;
Kuwait [Eastern Mediterranean];null;null;2014;94.0;null;;;;
Saudi Arabia [Eastern Mediterranean];null;null;2016;98.0;null;;;;
Palau [Western Pacific];null;null;2019;74.0;null;;;;
United States of America [Americas];null;null;2004;73.0;null;;;;
Sierra Leone [Africa];null;null;2016;84.0;null;;;;
United Arab Emirates [Eastern Mediterranean];null;null;2019;99.0;null;;;;
Peru [Americas];null;null;2019;80.0;null;;;;
Chile [Americas];null;null;2014;92.0;null;;;;
Burundi [Africa];null;null;2018;90.0;null;;;;
Venezuela (Bolivarian Republic of) [Americas];null;null;2019;0.0;null;;;;
Sierra Leone [Africa];null;null;2014;83.0;null;; Not tested/reported;;
Palau [Western Pacific];null;null;2012;82.0;null;;;;
Belgium [Europe];null;null;2017;94.0;null;No;;Yes;
Singapore [Western Pacific];null;null;2014;68.0;null;;;;
null;null;Eastern Mediterranean;2017;54.0;null;;;;
Panama [Americas];null;null;2014;91.0;null;; Not tested/reported;;
Benin [Africa];null;null;2016;73.0;null;;;;
null;null;Eastern Mediterranean;2008;0.0;null;;;;
New Zealand [Western Pacific];null;null;2019;91.0;null;;;;
Afghanistan [Eastern Mediterranean];null;null;2020;68.0;null;;;;
Norway [Europe];null;null;2020;96.0;null;;;;
Yemen [Eastern Mediterranean];null;null;2011;41.0;null;;Not tested/reported;;
Netherlands [Europe];null;null;2016;94.0;null;;;;
occupied Palestinian territory including east Jerusalem [Eastern Mediterranean];null;null;2015;99.0;null;;;;
null;Upper-middle-income;null;2016;32.0;null;;;;
Chile [Americas];null;null;2013;79.0;null;;;;
Australia [Western Pacific];null;null;2018;95.0;null;;;;
Mexico [Americas];null;null;2018;88.0;null;;;;
Nicaragua [Americas];null;null;2012;98.0;null;;Not tested/reported;;
Mauritania [Africa];null;null;2014;71.0;null;; Not tested/reported;;
Tunisia [Eastern Mediterranean];null;null;2020;82.0;null;;;;
Honduras [Americas];null;null;2019;88.0;null;;;;
Mauritania [Africa];null;null;2016;73.0;null;;;;
Finland [Europe];null;null;2017;85.0;null;No;;Yes;
Solomon Islands [Western Pacific];null;null;2015;42.0;null;;Yes;;
Cameroon [Africa];null;null;2013;88.0;null;;Not tested/reported;;
Lesotho [Africa];null;null;2017;87.0;null;No;;;
Cameroon [Africa];null;null;2011;23.0;null;;Yes;;
Palau [Western Pacific];null;null;2020;75.0;null;;;;
occupied Palestinian territory including east Jerusalem [Eastern Mediterranean];null;null;2016;99.0;null;;;;
Ecuador [Americas];null;null;2012;94.0;null;;Not tested/reported;;
South Africa [Africa];null;null;2014;85.0;null;;No;;
Mongolia [Western Pacific];null;null;2017;13.0;null;No;;;
United Kingdom of Great Britain and Northern Ireland [Europe];null;null;2010;89.0;null;;;;
Kuwait [Eastern Mediterranean];null;null;2016;99.0;null;;;;
null;Upper-middle-income;null;2014;29.0;null;;;;
Mexico [Americas];null;null;2011;98.0;null;;Not tested/reported;;
Bulgaria [Europe];null;null;2010;69.0;null;;;;
null;Lower-middle-income;null;2012;5.0;null;;;;
Azerbaijan [Europe];null;null;2020;79.0;null;;;;
null;null;Europe;2019;80.0;null;;;;
Ghana [Africa];null;null;2014;99.0;null;; Not tested/reported;;
null;High-income;null;2017;88.0;null;;;;
Spain [Europe];null;null;2019;95.0;null;;;;
null;Upper-middle-income;null;2018;37.0;null;;;;
Djibouti [Eastern Mediterranean];null;null;2016;68.0;null;;;;
Singapore [Western Pacific];null;null;2012;52.0;null;;;;
Kazakhstan [Europe];null;null;2015;74.0;null;;;;
Madagascar [Africa];null;null;2018;63.0;null;;;;
Kenya [Africa];null;null;2020;90.0;null;;;;
Norway [Europe];null;null;2018;94.0;null;;;;
Andorra [Europe];null;null;2014;93.0;null;;;;
Turkey [Europe];null;null;2009;97.0;null;;Not tested/reported;;
C\u00f4te d'Ivoire [Africa];null;null;2016;80.0;null;;;;
Guatemala [Americas];null;null;2016;81.0;null;;;;
Palau [Western Pacific];null;null;2008;7.0;null;;;;
Denmark [Europe];null;null;2012;93.0;null;;;;
Zambia [Africa];null;null;2017;94.0;null;;;;
null;null;Global;2015;37.0;null;;;;
null;null;Americas;2015;85.0;null;;;;
Canada [Americas];null;null;2010;58.0;null;;;;
Mauritius [Africa];null;null;2020;86.0;null;;;;
null;null;Western Pacific;2014;9.0;null;;;;
Eswatini [Africa];null;null;2015;90.0;null;;Not tested/reported;;
Paraguay [Americas];null;null;2016;99.0;null;;;;
null;null;South-East Asia;2010;0.0;null;;;;
null;null;Africa;2015;60.0;null;;;;
null;Upper-middle-income;null;2019;37.0;null;;;;
Mauritius [Africa];null;null;2018;96.0;null;;;;
Luxembourg [Europe];null;null;2019;96.0;null;;;;
null;Low-income;null;2008;0.0;null;;;;
null;Low-income;null;2010;2.0;null;;;;
Singapore [Western Pacific];null;null;2009;17.0;null;;;;
Republic of Korea [Western Pacific];null;null;2018;97.0;null;;;;
Marshall Islands [Western Pacific];null;null;2019;63.0;null;;;;
Norway [Europe];null;null;2019;95.0;null;;;;
Pakistan [Eastern Mediterranean];null;null;2020;80.0;null;;;;
Brazil [Americas];null;null;2011;82.0;null;;Not tested/reported;;
Slovenia [Europe];null;null;2016;49.0;null;;;;
Central African Republic [Africa];null;null;2016;43.0;null;;;;
Democratic Republic of the Congo [Africa];null;null;2020;58.0;null;;;;
null;null;Americas;2020;76.0;null;;;;
Afghanistan [Eastern Mediterranean];null;null;2018;69.0;null;;;;
Bangladesh [South-East Asia];null;null;2020;99.0;null;;;;
Kazakhstan [Europe];null;null;2014;58.0;null;;;;
Uganda [Africa];null;null;2017;90.0;null;No;;;
Uruguay [Americas];null;null;2016;94.0;null;;;;
null;null;Eastern Mediterranean;2012;12.0;null;;;;
Australia [Western Pacific];null;null;2011;91.0;null;;;;
Belgium [Europe];null;null;2014;93.0;null;;;;
Ethiopia [Africa];null;null;2020;67.0;null;;;;
Serbia [Europe];null;null;2019;99.0;null;;;;
null;Upper-middle-income;null;2013;28.0;null;;;;
Papua New Guinea [Western Pacific];null;null;2016;20.0;null;;;;
Paraguay [Americas];null;null;2017;93.0;null;Yes;;;
Venezuela (Bolivarian Republic of) [Americas];null;null;2015;24.0;null;;Not tested/reported;;
Panama [Americas];null;null;2019;96.0;null;;;;
Brazil [Americas];null;null;2015;94.0;null;;Not tested/reported;;
Albania [Europe];null;null;2014;99.0;null;;;;
Saudi Arabia [Eastern Mediterranean];null;null;2020;95.0;null;;;;
France [Europe];null;null;2019;92.0;null;;;;
Morocco [Eastern Mediterranean];null;null;2013;80.0;null;;;;
Palau [Western Pacific];null;null;2017;89.0;null;;;;
Panama [Americas];null;null;2020;74.0;null;;;;
San Marino [Europe];null;null;2017;56.0;null;Yes;;;
Kiribati [Western Pacific];null;null;2013;40.0;null;;;;
San Marino [Europe];null;null;2016;53.0;null;;;;
Cambodia [Western Pacific];null;null;2016;87.0;null;;;;
Andorra [Europe];null;null;2019;96.0;null;;;;
Greece [Europe];null;null;2012;32.0;null;;;;
Sierra Leone [Africa];null;null;2011;75.0;null;;Not tested/reported;;
Ireland [Europe];null;null;2010;43.0;null;;;;
Yemen [Eastern Mediterranean];null;null;2018;64.0;null;;;;
Uruguay [Americas];null;null;2019;95.0;null;;;;
null;null;Africa;2017;69.0;null;;;;
Algeria [Africa];null;null;2017;89.0;null;;;;
Georgia [Europe];null;null;2019;84.0;null;;;;
Yemen [Eastern Mediterranean];null;null;2014;73.0;null;; Not tested/reported;;
Uruguay [Americas];null;null;2018;93.0;null;;;;
Trinidad and Tobago [Americas];null;null;2012;39.0;null;;;;
Venezuela (Bolivarian Republic of) [Americas];null;null;2018;0.0;null;;;;
Argentina [Americas];null;null;2013;86.0;null;;Not tested/reported;;
Mali [Africa];null;null;2020;66.0;null;;;;
Palau [Western Pacific];null;null;2016;98.0;null;;;;
United Kingdom of Great Britain and Northern Ireland [Europe];null;null;2018;92.0;null;;;;
Barbados [Americas];null;null;2016;96.0;null;;;;
Germany [Europe];null;null;2008;68.0;null;;;;
Brazil [Americas];null;null;2018;84.0;null;;;;
Central African Republic [Africa];null;null;2011;8.0;null;;Not tested/reported;;
null;Low-income;null;2018;64.0;null;;;;
Kiribati [Western Pacific];null;null;2017;91.0;null;No;;;
null;null;Global;2018;46.0;null;;;;
Ghana [Africa];null;null;2013;89.0;null;;Yes;;
Mexico [Americas];null;null;2008;14.0;null;;Not tested/reported;;
Sierra Leone [Africa];null;null;2012;92.0;null;;Not tested/reported;;
null;null;Africa;2012;21.0;null;;;;
United Arab Emirates [Eastern Mediterranean];null;null;2012;96.0;null;;;;
United Republic of Tanzania [Africa];null;null;2018;84.0;null;;;;
Rwanda [Africa];null;null;2013;98.0;null;;Yes;;
Gambia [Africa];null;null;2018;93.0;null;;;;
Peru [Americas];null;null;2009;9.0;null;;Not tested/reported;;
Costa Rica [Americas];null;null;2013;94.0;null;;Not tested/reported;;
Sweden [Europe];null;null;2015;97.0;null;;;;
Trinidad and Tobago [Americas];null;null;2019;93.0;null;;;;
Bahrain [Eastern Mediterranean];null;null;2016;99.0;null;;;;
Netherlands [Europe];null;null;2019;93.0;null;;;;
Finland [Europe];null;null;2012;92.0;null;;;;
Argentina [Americas];null;null;2017;76.0;null;Yes;;;
Azerbaijan [Europe];null;null;2016;97.0;null;;;;
United Republic of Tanzania [Africa];null;null;2016;89.0;null;;;;
United Kingdom of Great Britain and Northern Ireland [Europe];null;null;2013;93.0;null;;;;
Costa Rica [Americas];null;null;2016;94.0;null;;;;
Eswatini [Africa];null;null;2018;88.0;null;;;;
Germany [Europe];null;null;2014;84.0;null;;;;
Australia [Western Pacific];null;null;2012;91.0;null;;;;
Saudi Arabia [Eastern Mediterranean];null;null;2018;98.0;null;;;;
Germany [Europe];null;null;2016;84.0;null;;;;
null;null;South-East Asia;2009;0.0;null;;;;
null;Low-income;null;2014;54.0;null;;;;
Burkina Faso [Africa];null;null;2017;91.0;null;No;;;
Gambia [Africa];null;null;2015;97.0;null;;Not tested/reported;;
Georgia [Europe];null;null;2020;82.0;null;;;;
Armenia [Europe];null;null;2015;44.0;null;;;;
Rwanda [Africa];null;null;2018;97.0;null;;;;
Mexico [Americas];null;null;2010;92.0;null;;Not tested/reported;;
United Kingdom of Great Britain and Northern Ireland [Europe];null;null;2019;91.0;null;;;;
Ireland [Europe];null;null;2011;90.0;null;;;;
Netherlands [Europe];null;null;2014;95.0;null;;;;
Cameroon [Africa];null;null;2019;67.0;null;;;;
Togo [Africa];null;null;2018;81.0;null;;;;
Kyrgyzstan [Europe];null;null;2019;96.0;null;;;;
Dominican Republic [Americas];null;null;2020;69.0;null;;;;
Qatar [Eastern Mediterranean];null;null;2020;70.0;null;;;;
null;Upper-middle-income;null;2009;7.0;null;;;;
Turkey [Europe];null;null;2014;96.0;null;; Not tested/reported;;
Kuwait [Eastern Mediterranean];null;null;2008;99.0;null;;;;
Germany [Europe];null;null;2019;84.0;null;;;;
Honduras [Americas];null;null;2015;99.0;null;;Not tested/reported;;
Singapore [Western Pacific];null;null;2019;82.0;null;;;;
New Zealand [Western Pacific];null;null;2013;93.0;null;;;;
Qatar [Eastern Mediterranean];null;null;2014;94.0;null;;;;
Dominican Republic [Americas];null;null;2016;30.0;null;;;;
Rwanda [Africa];null;null;2017;98.0;null;Yes;;;
Botswana [Africa];null;null;2019;92.0;null;;;;
Saudi Arabia [Eastern Mediterranean];null;null;2012;98.0;null;;Not tested/reported;;
null;null;Western Pacific;2012;6.0;null;;;;
United Kingdom of Great Britain and Northern Ireland [Europe];null;null;2016;92.0;null;;;;
Congo [Africa];null;null;2020;71.0;null;;;;
null;null;Global;2012;20.0;null;;;;
Kiribati [Western Pacific];null;null;2020;91.0;null;;;;
Yemen [Eastern Mediterranean];null;null;2020;72.0;null;;;;
Rwanda [Africa];null;null;2011;97.0;null;;Yes;;
Liberia [Africa];null;null;2016;73.0;null;;;;
Turkey [Europe];null;null;2012;97.0;null;;Not tested/reported;;
Slovakia [Europe];null;null;2009;99.0;null;;;;
Central African Republic [Africa];null;null;2015;44.0;null;;Not tested/reported;;
Ecuador [Americas];null;null;2015;81.0;null;;Not tested/reported;;
Israel [Europe];null;null;2017;94.0;null;Yes;;No;
null;null;Global;2017;45.0;null;;;;
Spain [Europe];null;null;2017;88.0;null;No;;;
Central African Republic [Africa];null;null;2018;40.0;null;;;;
Paraguay [Americas];null;null;2018;94.0;null;;;;
Namibia [Africa];null;null;2019;57.0;null;;;;
Panama [Americas];null;null;2013;88.0;null;;Not tested/reported;;
Sudan [Eastern Mediterranean];null;null;2017;95.0;null;No;;;
null;null;Eastern Mediterranean;2013;36.0;null;;;;
Mali [Africa];null;null;2017;74.0;null;Yes;;;
Morocco [Eastern Mediterranean];null;null;2018;99.0;null;;;;
Canada [Americas];null;null;2017;81.0;null;Yes;;Yes;
Ethiopia [Africa];null;null;2019;64.0;null;;;;
Singapore [Western Pacific];null;null;2011;40.0;null;;;;
Slovakia [Europe];null;null;2018;96.0;null;;;;
null;null;Western Pacific;2020;16.0;null;;;;
Ecuador [Americas];null;null;2013;90.0;null;;Not tested/reported;;
Bahrain [Eastern Mediterranean];null;null;2013;99.0;null;;;;
Bangladesh [South-East Asia];null;null;2015;48.0;null;;Not tested/reported;;
United Kingdom of Great Britain and Northern Ireland [Europe];null;null;2012;92.0;null;;;;
Togo [Africa];null;null;2014;25.0;null;; Not tested/reported;;
United States of America [Americas];null;null;2013;92.0;null;;;;
Kuwait [Eastern Mediterranean];null;null;2015;99.0;null;;;;
Kenya [Africa];null;null;2016;78.0;null;;;;
Slovenia [Europe];null;null;2020;70.0;null;;;;
Liberia [Africa];null;null;2018;78.0;null;;;;
Sweden [Europe];null;null;2012;97.0;null;;;;
New Zealand [Western Pacific];null;null;2014;93.0;null;;;;
Congo [Africa];null;null;2012;10.0;null;;Not tested/reported;;
El Salvador [Americas];null;null;2018;75.0;null;;;;
Canada [Americas];null;null;2015;80.0;null;;;;
Hungary [Europe];null;null;2015;91.0;null;;;;
San Marino [Europe];null;null;2018;58.0;null;;;;
Iraq [Eastern Mediterranean];null;null;2019;37.0;null;;;;
Japan [Western Pacific];null;null;2017;99.0;null;No;;Yes;
Burkina Faso [Africa];null;null;2019;91.0;null;;;;
Djibouti [Eastern Mediterranean];null;null;2015;82.0;null;;Yes;;
Bahamas [Americas];null;null;2014;96.0;null;;;;
Mali [Africa];null;null;2018;74.0;null;;;;
Guyana [Americas];null;null;2019;98.0;null;;;;
null;null;Eastern Mediterranean;2014;45.0;null;;;;
Zimbabwe [Africa];null;null;2012;21.0;null;;No;;
Myanmar [South-East Asia];null;null;2018;91.0;null;;;;
Yemen [Eastern Mediterranean];null;null;2012;67.0;null;;Yes;;
Switzerland [Europe];null;null;2020;86.0;null;;;;
Uganda [Africa];null;null;2015;64.0;null;;Yes;;
Kuwait [Eastern Mediterranean];null;null;2007;88.0;null;;;;
Barbados [Americas];null;null;2010;78.0;null;;;;
Madagascar [Africa];null;null;2017;62.0;null;Yes;;;
South Africa [Africa];null;null;2017;78.0;null;Yes;;Not applicable;
South Africa [Africa];null;null;2012;75.0;null;;Not tested/reported;;
Canada [Americas];null;null;2011;66.0;null;;;;
Cameroon [Africa];null;null;2017;72.0;null;No;;;
Norway [Europe];null;null;2009;91.0;null;;;;
Panama [Americas];null;null;2011;63.0;null;;Not tested/reported;;
Bahamas [Americas];null;null;2016;94.0;null;;;;
Mauritania [Africa];null;null;2015;71.0;null;;Not tested/reported;;
Liberia [Africa];null;null;2017;78.0;null;No;;;
Solomon Islands [Western Pacific];null;null;2016;87.0;null;;;;
Trinidad and Tobago [Americas];null;null;2017;93.0;null;No;;Not available;
Uzbekistan [Europe];null;null;2019;99.0;null;;;;
El Salvador [Americas];null;null;2014;86.0;null;; Not tested/reported;;
Singapore [Western Pacific];null;null;2016;78.0;null;;;;
Nicaragua [Americas];null;null;2018;98.0;null;;;;
Bahamas [Americas];null;null;2017;93.0;null;;;;
Senegal [Africa];null;null;2020;92.0;null;;;;
Trinidad and Tobago [Americas];null;null;2014;95.0;null;;;;
Papua New Guinea [Western Pacific];null;null;2018;35.0;null;;;;
Ecuador [Americas];null;null;2019;83.0;null;;;;
United Kingdom of Great Britain and Northern Ireland [Europe];null;null;2020;91.0;null;;;;
New Zealand [Western Pacific];null;null;2018;96.0;null;;;;
Spain [Europe];null;null;2018;95.0;null;;;;
Haiti [Americas];null;null;2019;42.0;null;;;;
Bulgaria [Europe];null;null;2015;90.0;null;;;;
Kiribati [Western Pacific];null;null;2016;79.0;null;;;;
Poland [Europe];null;null;2019;60.0;null;;;;
Malawi [Africa];null;null;2014;87.0;null;;No;;
C\u00f4te d'Ivoire [Africa];null;null;2019;84.0;null;;;;
Colombia [Americas];null;null;2013;87.0;null;;No;;
occupied Palestinian territory including east Jerusalem [Eastern Mediterranean];null;null;2012;25.0;null;;;;
Colombia [Americas];null;null;2017;91.0;null;No;;;
null;null;Americas;2016;82.0;null;;;;
Bahrain [Eastern Mediterranean];null;null;2008;14.0;null;;;;
Ecuador [Americas];null;null;2017;84.0;null;Yes;;;
Guatemala [Americas];null;null;2017;84.0;null;No;;;
Georgia [Europe];null;null;2015;16.0;null;;;;
Niue [Western Pacific];null;null;2009;99.0;null;;;;
Kiribati [Western Pacific];null;null;2019;97.0;null;;;;
Mauritius [Africa];null;null;2017;84.0;null;No;;Yes;
Switzerland [Europe];null;null;2008;13.0;null;;;;
Bulgaria [Europe];null;null;2011;94.0;null;;;;
Yemen [Eastern Mediterranean];null;null;2016;71.0;null;;;;
Albania [Europe];null;null;2019;96.0;null;;;;
null;null;Eastern Mediterranean;2010;5.0;null;;;;
Luxembourg [Europe];null;null;2018;96.0;null;;;;
Guyana [Americas];null;null;2013;96.0;null;;Not tested/reported;;
Costa Rica [Americas];null;null;2018;96.0;null;;;;
null;null;South-East Asia;2018;16.0;null;;;;
Sweden [Europe];null;null;2017;97.0;null;Yes;;Yes;
Liberia [Africa];null;null;2019;68.0;null;;;;
Barbados [Americas];null;null;2009;75.0;null;;;;
Zambia [Africa];null;null;2014;77.0;null;;Yes;;
Latvia [Europe];null;null;2015;85.0;null;;;;
Cyprus [Europe];null;null;2018;81.0;null;;;;
Mexico [Americas];null;null;2009;46.0;null;;Not tested/reported;;
Luxembourg [Europe];null;null;2011;86.0;null;;;;
France [Europe];null;null;2018;92.0;null;;;;
Ethiopia [Africa];null;null;2013;48.0;null;;Yes;;
Slovenia [Europe];null;null;2017;55.0;null;Yes;;Yes;
Kazakhstan [Europe];null;null;2018;95.0;null;;;;
Azerbaijan [Europe];null;null;2015;94.0;null;;;;
Ecuador [Americas];null;null;2018;85.0;null;;;;
Rwanda [Africa];null;null;2019;98.0;null;;;;
Seychelles [Africa];null;null;2020;94.0;null;;;;
Bolivia (Plurinational State of) [Americas];null;null;2015;86.0;null;;Not tested/reported;;
Belgium [Europe];null;null;2015;94.0;null;;;;
Qatar [Eastern Mediterranean];null;null;2016;97.0;null;;;;
Kazakhstan [Europe];null;null;2017;98.0;null;Yes;;;
Luxembourg [Europe];null;null;2005;86.0;null;;;;
Germany [Europe];null;null;2009;84.0;null;;;;
Netherlands [Europe];null;null;2010;96.0;null;;;;
Cameroon [Africa];null;null;2018;67.0;null;;;;
South Africa [Africa];null;null;2018;83.0;null;;;;
Fiji [Western Pacific];null;null;2017;99.0;null;Yes;;Not applicable;
Chile [Americas];null;null;2019;95.0;null;;;;
Romania [Europe];null;null;2020;85.0;null;;;;
Luxembourg [Europe];null;null;2020;96.0;null;;;;
Cambodia [Western Pacific];null;null;2019;89.0;null;;;;
Guyana [Americas];null;null;2012;90.0;null;;Not tested/reported;;
New Zealand [Western Pacific];null;null;2012;92.0;null;;;;
Armenia [Europe];null;null;2019;92.0;null;;;;
Solomon Islands [Western Pacific];null;null;2019;94.0;null;;;;
Barbados [Americas];null;null;2011;81.0;null;;;;
France [Europe];null;null;2012;89.0;null;;;;
Zimbabwe [Africa];null;null;2014;91.0;null;;No;;
Barbados [Americas];null;null;2013;87.0;null;;;;
Oman [Eastern Mediterranean];null;null;2009;96.0;null;;;;
Democratic Republic of the Congo [Africa];null;null;2018;58.0;null;;;;
Qatar [Eastern Mediterranean];null;null;2009;99.0;null;;;;
Philippines [Western Pacific];null;null;2014;35.0;null;; Not tested/reported;;
Niue [Western Pacific];null;null;2010;99.0;null;;;;
Ghana [Africa];null;null;2017;99.0;null;Yes;;;
Chile [Americas];null;null;2015;90.0;null;;;;
Colombia [Americas];null;null;2020;89.0;null;;;;
null;Low-income;null;2017;64.0;null;;;;
Burundi [Africa];null;null;2012;96.0;null;;Not tested/reported;;
Finland [Europe];null;null;2020;89.0;null;;;;
United States of America [Americas];null;null;2010;93.0;null;;;;
null;null;Western Pacific;2015;11.0;null;;;;
Italy [Europe];null;null;2013;87.0;null;;;;
Kazakhstan [Europe];null;null;2019;89.0;null;;;;
Mozambique [Africa];null;null;2013;45.0;null;;No;;
Saudi Arabia [Eastern Mediterranean];null;null;2019;96.0;null;;;;
Nigeria [Africa];null;null;2015;36.0;null;;Yes;;
San Marino [Europe];null;null;2020;82.0;null;;;;
Kenya [Africa];null;null;2011;85.0;null;;Not tested/reported;;
Costa Rica [Americas];null;null;2010;94.0;null;;Not tested/reported;;
Myanmar [South-East Asia];null;null;2020;86.0;null;;;;
null;null;Africa;2019;70.0;null;;;;
Luxembourg [Europe];null;null;2014;95.0;null;;;;
Cameroon [Africa];null;null;2016;72.0;null;;;;
Andorra [Europe];null;null;2018;94.0;null;;;;
Central African Republic [Africa];null;null;2014;45.0;null;;Yes;;
Guyana [Americas];null;null;2020;89.0;null;;;;
Ethiopia [Africa];null;null;2015;57.0;null;;Not tested/reported;;
Lebanon [Eastern Mediterranean];null;null;2017;82.0;null;Yes;;Not applicable;
Central African Republic [Africa];null;null;2012;47.0;null;;Not tested/reported;;
Nicaragua [Americas];null;null;2017;98.0;null;;;;
Mexico [Americas];null;null;2016;92.0;null;;;;
Democratic Republic of the Congo [Africa];null;null;2013;29.0;null;;Yes;;
San Marino [Europe];null;null;2019;76.0;null;;;;
Mauritania [Africa];null;null;2018;77.0;null;;;;
Costa Rica [Americas];null;null;2009;48.0;null;;Not tested/reported;;
Oman [Eastern Mediterranean];null;null;2019;99.0;null;;;;
C\u00f4te d'Ivoire [Africa];null;null;2018;81.0;null;;;;
Guatemala [Americas];null;null;2020;86.0;null;;;;
Libya [Eastern Mediterranean];null;null;2016;96.0;null;;;;
Ireland [Europe];null;null;2014;92.0;null;;;;
Mexico [Americas];null;null;2020;75.0;null;;;;
Bhutan [South-East Asia];null;null;2019;26.0;null;;;;
Sudan [Eastern Mediterranean];null;null;2014;97.0;null;;Yes;;
Costa Rica [Americas];null;null;2014;83.0;null;; Not tested/reported;;
Morocco [Eastern Mediterranean];null;null;2019;98.0;null;;;;
Israel [Europe];null;null;2020;94.0;null;;;;
null;null;Western Pacific;2009;1.0;null;;;;
Lesotho [Africa];null;null;2016;87.0;null;;;;
Denmark [Europe];null;null;2014;93.0;null;;;;
Bolivia (Plurinational State of) [Americas];null;null;2017;83.0;null;No;;;
Slovenia [Europe];null;null;2015;49.0;null;;;;
null;Low-income;null;2015;59.0;null;;;;
null;null;Eastern Mediterranean;2019;54.0;null;;;;
Namibia [Africa];null;null;2015;81.0;null;;Not tested/reported;;
Armenia [Europe];null;null;2016;94.0;null;;;;
United Arab Emirates [Eastern Mediterranean];null;null;2016;99.0;null;;;;
Israel [Europe];null;null;2015;94.0;null;;;;
United Republic of Tanzania [Africa];null;null;2015;92.0;null;;Yes;;
Argentina [Americas];null;null;2014;89.0;null;; Not tested/reported;;
United Kingdom of Great Britain and Northern Ireland [Europe];null;null;2011;90.0;null;;;;
null;null;Europe;2017;73.0;null;;;;
Madagascar [Africa];null;null;2015;62.0;null;;Yes;;
Guatemala [Americas];null;null;2018;85.0;null;;;;
Portugal [Europe];null;null;2017;96.0;null;Yes;;;
Micronesia (Federated States of) [Western Pacific];null;null;2010;70.0;null;;;;
Latvia [Europe];null;null;2012;55.0;null;;;;
Sao Tome and Principe [Africa];null;null;2013;97.0;null;;Not tested/reported;;
Cameroon [Africa];null;null;2015;77.0;null;;Yes;;
Botswana [Africa];null;null;2018;91.0;null;;;;
null;null;Eastern Mediterranean;2018;53.0;null;;;;
Kenya [Africa];null;null;2015;75.0;null;;Not tested/reported;;
Niue [Western Pacific];null;null;2011;99.0;null;;;;
Marshall Islands [Western Pacific];null;null;2014;29.0;null;;;;
null;null;Europe;2014;46.0;null;;;;
Oman [Eastern Mediterranean];null;null;2017;99.0;null;No;;Yes;
Marshall Islands [Western Pacific];null;null;2013;38.0;null;;;;
Finland [Europe];null;null;2010;92.0;null;;;;
France [Europe];null;null;2017;92.0;null;Yes;;Yes;
Denmark [Europe];null;null;2010;88.0;null;;;;
Bahrain [Eastern Mediterranean];null;null;2017;97.0;null;;;;
Algeria [Africa];null;null;2018;91.0;null;;;;
Guatemala [Americas];null;null;2015;82.0;null;;Not tested/reported;;
null;null;Europe;2016;56.0;null;;;;
Marshall Islands [Western Pacific];null;null;2015;75.0;null;;;;
Bulgaria [Europe];null;null;2018;88.0;null;;;;
Cyprus [Europe];null;null;2017;81.0;null;Yes;;Not applicable;
Turkey [Europe];null;null;2018;97.0;null;;;;
Israel [Europe];null;null;2016;93.0;null;;;;
Liberia [Africa];null;null;2020;65.0;null;;;;
United States of America [Americas];null;null;2007;90.0;null;;;;
Kuwait [Eastern Mediterranean];null;null;2009;99.0;null;;;;
Pakistan [Eastern Mediterranean];null;null;2013;65.0;null;;Yes;;
Yemen [Eastern Mediterranean];null;null;2017;68.0;null;;;;
Germany [Europe];null;null;2012;84.0;null;;;;
Ecuador [Americas];null;null;2010;17.0;null;;Not tested/reported;;
Ireland [Europe];null;null;2017;91.0;null;No;;Yes;
null;null;Africa;2020;68.0;null;;;;
null;null;Americas;2014;83.0;null;;;;
Uzbekistan [Europe];null;null;2018;96.0;null;;;;
Mexico [Americas];null;null;2015;93.0;null;;Not tested/reported;;
Uzbekistan [Europe];null;null;2016;99.0;null;;;;
Seychelles [Africa];null;null;2019;92.0;null;;;;
Republic of Moldova [Europe];null;null;2014;28.0;null;;;;
Mozambique [Africa];null;null;2018;80.0;null;;;;
Singapore [Western Pacific];null;null;2015;75.0;null;;;;
Belgium [Europe];null;null;2013;93.0;null;;;;
Malawi [Africa];null;null;2018;92.0;null;;;;
United Arab Emirates [Eastern Mediterranean];null;null;2020;84.0;null;;;;
Lebanon [Eastern Mediterranean];null;null;2018;82.0;null;;;;
