Country;Year;Sex;Data Source;Age-standardized death rates violence per 100000;Comments;Age-standardized death rates (15+ years) violence per 100000;Age-standardized death rates alcohol use disorders per 100000;
Chad [Africa];2004;Female;null;0.4;null;;0.6;
Indonesia [South-East Asia];2002;null;Not applicable;10.39;null;;1.0;
Czechia [Europe];2002;null;Not applicable;1.22;null;;0.8;
Austria [Europe];2002;null;Not applicable;0.91;null;;3.1;
Ghana [Africa];2004;Male;null;20.1;null;;2.7;
Switzerland [Europe];2004;Female;null;0.0;null;0.95;1.2;
Kuwait [Eastern Mediterranean];2004;Both sexes;null;1.2;null;;0.1;
Solomon Islands [Western Pacific];2004;Male;null;1.7;null;;0.1;
Uruguay [Americas];2004;Female;null;0.0;null;;0.2;
Djibouti [Eastern Mediterranean];2004;Both sexes;null;3.8;null;;0.1;
Sri Lanka [South-East Asia];2004;Both sexes;null;6.8;null;;5.2;
Congo [Africa];2004;Male;null;39.1;null;;1.0;
Mozambique [Africa];2004;Both sexes;null;25.6;null;;0.7;
Suriname [Americas];2004;Both sexes;null;12.9;null;;0.7;
Bhutan [South-East Asia];2004;Both sexes;null;5.7;null;;1.1;
Ireland [Europe];2004;Both sexes;null;0.7;null;0.79;1.6;
Argentina [Americas];2004;Male;null;12.1;null;13.61;3.4;
Democratic Republic of the Congo [Africa];2004;Female;null;2.4;null;;0.6;
Australia [Western Pacific];2004;Both sexes;null;1.3;null;;1.0;
Congo [Africa];2004;Female;null;0.1;null;;0.4;
Uzbekistan [Europe];2004;Female;null;0.2;null;2.03;0.2;
Lithuania [Europe];2004;Both sexes;null;8.2;null;9.99;0.7;
Timor-Leste [South-East Asia];2002;null;Not applicable;22.9;null;;1.2;
Timor-Leste [South-East Asia];2004;Both sexes;null;16.3;null;;0.9;
Albania [Europe];2004;Female;null;0.0;null;;0.1;
Malaysia [Western Pacific];2002;null;Not applicable;9.73;null;;0.8;
Papua New Guinea [Western Pacific];2002;null;Not applicable;20.11;null;;1.2;
Costa Rica [Americas];2004;Both sexes;null;6.7;null;8.02;1.3;
Chile [Americas];2004;Female;null;0.1;null;1.12;0.6;
Equatorial Guinea [Africa];2004;Female;null;0.0;null;;0.6;
India [South-East Asia];2004;Female;null;20.3;null;;0.2;
Central African Republic [Africa];2004;Both sexes;null;36.0;null;;0.9;
Cook Islands [Western Pacific];2004;Both sexes;null;0.8;null;;0.1;
Latvia [Europe];2004;Male;null;12.5;null;15.56;3.6;
Lesotho [Africa];2004;Female;null;0.1;null;;0.3;
Saint Kitts and Nevis [Americas];2004;Male;null;23.2;null;;6.9;
Colombia [Americas];2002;null;Not applicable;73.07;null;;0.0;
Netherlands [Europe];2002;null;Not applicable;1.1;null;;1.4;
Singapore [Western Pacific];2002;null;Not applicable;0.82;null;;;
New Zealand [Western Pacific];2004;Both sexes;null;1.4;null;1.3;0.4;
Brazil [Americas];2004;Male;null;55.6;null;61.1;9.0;
Latvia [Europe];2002;null;Not applicable;11.84;null;;8.0;
Mongolia [Western Pacific];2004;Female;null;0.0;null;;0.4;
Norway [Europe];2002;null;Not applicable;1.12;null;;3.4;
Nicaragua [Americas];2004;Female;null;0.1;null;;1.1;
San Marino [Europe];2004;Female;null;0.0;null;;;
Congo [Africa];2002;null;Not applicable;20.57;null;;1.7;
Cambodia [Western Pacific];2004;Male;null;39.2;null;;2.5;
Saint Kitts and Nevis [Americas];2002;null;Not applicable;12.08;null;;4.5;
Saint Vincent and the Grenadines [Americas];2004;Both sexes;null;16.6;null;;4.1;
Norway [Europe];2004;Male;null;1.1;null;1.46;5.3;
Uzbekistan [Europe];2004;Male;null;6.0;null;5.54;0.5;
Zambia [Africa];2004;Both sexes;null;30.5;null;;0.8;
France [Europe];2002;null;Not applicable;0.65;null;;4.3;
Tunisia [Eastern Mediterranean];2002;null;Not applicable;2.3;null;;1.4;
Armenia [Europe];2004;Female;null;0.0;null;;0.4;
Thailand [South-East Asia];2004;Female;null;1.0;null;;0.4;
Guinea [Africa];2004;Both sexes;null;20.5;null;;0.9;
Madagascar [Africa];2004;Male;null;23.0;null;;1.0;
Japan [Western Pacific];2004;Female;null;0.3;null;0.38;0.1;
China [Western Pacific];2004;Both sexes;null;2.1;null;;0.9;
Cuba [Americas];2004;Male;null;8.8;null;11.16;4.2;
Madagascar [Africa];2002;null;Not applicable;12.29;null;;1.9;
Democratic People's Republic of Korea [South-East Asia];2004;Female;null;0.6;null;;0.2;
Lebanon [Eastern Mediterranean];2004;Both sexes;null;2.7;null;;2.0;
Indonesia [South-East Asia];2004;Male;null;15.6;null;;1.9;
Guatemala [Americas];2004;Female;null;0.6;null;8.72;2.1;
Bahrain [Eastern Mediterranean];2002;null;Not applicable;0.9;null;;0.4;
New Zealand [Western Pacific];2002;null;Not applicable;1.28;null;;0.7;
South Africa [Africa];2002;null;Not applicable;45.61;null;;2.1;
Ireland [Europe];2004;Female;null;0.0;null;0.33;1.1;
Greece [Europe];2004;Male;null;1.2;null;1.54;0.3;
Haiti [Americas];2002;null;Not applicable;14.56;null;;9.3;
Mali [Africa];2002;null;Not applicable;16.92;null;;2.2;
Gambia [Africa];2004;Both sexes;null;16.1;null;;0.8;
Democratic People's Republic of Korea [South-East Asia];2004;Both sexes;null;18.6;null;;0.8;
Kiribati [Western Pacific];2004;Male;null;13.1;null;;;
Benin [Africa];2004;Female;null;0.2;null;;0.5;
Netherlands [Europe];2004;Female;null;0.1;null;0.79;0.4;
Eswatini [Africa];2002;null;Not applicable;6.76;null;;1.2;
Niger [Africa];2004;Male;null;45.1;null;;1.5;
Cameroon [Africa];2004;Both sexes;null;19.0;null;;0.8;
Yemen [Eastern Mediterranean];2004;Female;null;0.1;null;;0.1;
Chad [Africa];2002;null;Not applicable;15.0;null;;2.1;
Belize [Americas];2004;Female;null;0.0;null;;;
Kiribati [Western Pacific];2004;Female;null;0.0;null;;;
Germany [Europe];2004;Both sexes;null;0.7;null;0.7;4.3;
Seychelles [Africa];2004;Male;null;5.5;null;;9.4;
Romania [Europe];2004;Female;null;0.2;null;2.16;1.0;
Malta [Europe];2004;Both sexes;null;0.8;null;;0.2;
Trinidad and Tobago [Americas];2004;Female;null;0.1;null;;0.1;
Guinea-Bissau [Africa];2004;Female;null;0.0;null;;0.6;
Qatar [Eastern Mediterranean];2004;Male;null;0.8;null;;;
Belarus [Europe];2004;Both sexes;null;8.9;null;;3.1;
Botswana [Africa];2004;Male;null;38.9;null;;0.9;
Kyrgyzstan [Europe];2002;null;Not applicable;10.34;null;;2.3;
Kuwait [Eastern Mediterranean];2004;Female;null;0.0;null;;;
Trinidad and Tobago [Americas];2002;null;Not applicable;8.64;null;;0.7;
Lao People's Democratic Republic [Western Pacific];2004;Both sexes;null;7.1;null;;1.2;
Nepal [South-East Asia];2004;Both sexes;null;16.9;null;;1.0;
Brazil [Americas];2004;Both sexes;null;29.9;null;32.67;4.8;
Mali [Africa];2004;Male;null;41.6;null;;1.4;
Papua New Guinea [Western Pacific];2004;Male;null;32.2;null;;2.0;
South Africa [Africa];2004;Male;null;121.1;null;20.8;1.4;
Armenia [Europe];2004;Male;null;6.0;null;;2.4;
Mauritania [Africa];2004;Both sexes;null;17.6;null;;0.8;
Botswana [Africa];2004;Both sexes;null;24.2;null;;0.6;
Canada [Americas];2002;null;Not applicable;1.45;null;;1.6;
Egypt [Eastern Mediterranean];2004;Male;null;2.3;null;;0.8;
Italy [Europe];2004;Male;null;1.3;null;;0.3;
Burundi [Africa];2004;Female;null;0.3;null;;0.5;
Jamaica [Americas];2002;null;Not applicable;0.54;null;;0.9;
Jordan [Eastern Mediterranean];2004;Female;null;0.0;null;;0.1;
Ireland [Europe];2004;Male;null;1.1;null;1.25;2.2;
Azerbaijan [Europe];2004;Male;null;4.8;null;;2.5;
Greece [Europe];2004;Female;null;0.0;null;0.51;0.0;
Togo [Africa];2002;null;Not applicable;12.79;null;;2.0;
Bolivia (Plurinational State of) [Americas];2004;Female;null;0.1;null;;0.8;
El Salvador [Americas];2004;Male;null;75.7;null;100.97;47.4;
Nepal [South-East Asia];2002;null;Not applicable;18.82;null;;1.1;
Burkina Faso [Africa];2004;Female;null;0.5;null;;0.6;
Philippines [Western Pacific];2004;Male;null;44.9;null;;1.6;
Comoros [Africa];2004;Male;null;17.6;null;;0.9;
Yemen [Eastern Mediterranean];2004;Both sexes;null;3.2;null;;0.5;
Cyprus [Europe];2004;Both sexes;null;0.2;null;;0.0;
Cambodia [Western Pacific];2004;Both sexes;null;21.6;null;;1.2;
Slovenia [Europe];2004;Male;null;2.7;null;3.03;6.9;
Switzerland [Europe];2002;null;Not applicable;0.91;null;;2.5;
Lao People's Democratic Republic [Western Pacific];2002;null;Not applicable;7.69;null;;1.2;
Luxembourg [Europe];2002;null;Not applicable;1.84;null;;3.7;
Venezuela (Bolivarian Republic of) [Americas];2004;Female;null;0.6;null;4.14;0.1;
Afghanistan [Eastern Mediterranean];2004;Male;null;6.5;null;;1.3;
Japan [Western Pacific];2004;Both sexes;null;0.5;null;0.46;0.3;
Democratic People's Republic of Korea [South-East Asia];2002;null;Not applicable;19.38;null;;0.8;
Lesotho [Africa];2002;null;Not applicable;8.59;null;;1.7;
Japan [Western Pacific];2002;null;Not applicable;0.58;null;;0.3;
New Zealand [Western Pacific];2004;Male;null;1.9;null;2.14;0.7;
Fiji [Western Pacific];2004;Male;null;1.3;null;;0.5;
Portugal [Europe];2004;Female;null;0.0;null;;0.2;
France [Europe];2004;Female;null;0.2;null;0.64;1.5;
Denmark [Europe];2004;Both sexes;null;0.9;null;;6.9;
Suriname [Americas];2004;Male;null;22.3;null;;1.3;
Chile [Americas];2004;Male;null;9.7;null;12.79;5.7;
Viet Nam [Western Pacific];2002;null;Not applicable;4.88;null;;0.9;
Panama [Americas];2004;Both sexes;null;12.3;null;13.43;0.3;
El Salvador [Americas];2004;Both sexes;null;41.2;null;53.74;22.8;
Cyprus [Europe];2002;null;Not applicable;0.22;null;;0.0;
Bhutan [South-East Asia];2002;null;Not applicable;6.31;null;;1.1;
Cyprus [Europe];2004;Male;null;0.3;null;;0.0;
Kiribati [Western Pacific];2004;Both sexes;null;6.5;null;;;
Antigua and Barbuda [Americas];2002;null;Not applicable;10.83;null;;13.4;
C\u00f4te d'Ivoire [Africa];2002;null;Not applicable;33.18;null;;2.3;
Armenia [Europe];2002;null;Not applicable;3.56;null;;0.7;
Tuvalu [Western Pacific];2002;null;Not applicable;2.15;null;;0.2;
Sao Tome and Principe [Africa];2004;Female;null;0.0;null;;1.1;
Singapore [Western Pacific];2004;Male;null;1.9;null;0.71;;
Belarus [Europe];2004;Female;null;0.3;null;;0.9;
Tonga [Western Pacific];2004;Female;null;0.0;null;;;
Angola [Africa];2004;Male;null;84.5;null;;1.9;
Haiti [Americas];2004;Both sexes;null;6.8;null;;9.2;
Iraq [Eastern Mediterranean];2002;null;Not applicable;4.06;null;;2.2;
Liberia [Africa];2002;null;Not applicable;41.55;null;;2.4;
Uganda [Africa];2004;Female;null;1.3;null;;0.5;
Ecuador [Americas];2004;Female;null;0.3;null;4.14;0.7;
Angola [Africa];2004;Female;null;1.0;null;;0.7;
Papua New Guinea [Western Pacific];2004;Both sexes;null;19.1;null;;1.1;
Algeria [Africa];2004;Female;null;0.9;null;;0.3;
Palau [Western Pacific];2002;null;Not applicable;0.96;null;;0.1;
Spain [Europe];2002;null;Not applicable;0.91;null;;0.5;
Bhutan [South-East Asia];2004;Male;null;7.4;null;;1.9;
San Marino [Europe];2004;Male;null;0.0;null;;;
Hungary [Europe];2004;Male;null;2.4;null;2.93;6.3;
Canada [Americas];2004;Both sexes;null;1.4;null;1.97;1.6;
Nigeria [Africa];2004;Female;null;5.3;null;;0.6;
Tunisia [Eastern Mediterranean];2004;Female;null;0.0;null;;0.2;
Saint Kitts and Nevis [Americas];2004;Both sexes;null;11.3;null;;4.4;
Poland [Europe];2004;Both sexes;null;1.4;null;1.71;3.7;
Zambia [Africa];2004;Female;null;0.5;null;;0.5;
Kazakhstan [Europe];2004;Female;null;0.7;null;9.7;1.2;
Guatemala [Americas];2004;Male;null;96.4;null;82.91;29.0;
Malawi [Africa];2004;Both sexes;null;25.1;null;;0.8;
Paraguay [Americas];2004;Both sexes;null;19.1;null;19.23;3.2;
Bangladesh [South-East Asia];2002;null;Not applicable;9.86;null;;1.0;
Bahamas [Americas];2002;null;Not applicable;20.97;null;;5.1;
Honduras [Americas];2002;null;Not applicable;16.23;null;;13.5;
Bosnia and Herzegovina [Europe];2002;null;Not applicable;1.89;null;;0.2;
Benin [Africa];2004;Male;null;25.1;null;;1.1;
United Kingdom of Great Britain and Northern Ireland [Europe];2004;Female;null;0.3;null;0.23;0.8;
Australia [Western Pacific];2004;Male;null;1.8;null;;1.6;
Spain [Europe];2004;Male;null;1.7;null;2.08;1.1;
Antigua and Barbuda [Americas];2004;Female;null;0.0;null;;;
Somalia [Eastern Mediterranean];2004;Both sexes;null;1.9;null;;2.1;
Tajikistan [Europe];2004;Female;null;0.1;null;;0.3;
Germany [Europe];2002;null;Not applicable;0.71;null;;4.4;
Iceland [Europe];2004;Male;null;1.2;null;;1.1;
Nicaragua [Americas];2004;Male;null;31.4;null;;20.5;
Uzbekistan [Europe];2004;Both sexes;null;4.0;null;3.73;0.3;
Congo [Africa];2004;Both sexes;null;23.5;null;;0.7;
Brazil [Americas];2004;Female;null;4.8;null;5.0;0.9;
Republic of Moldova [Europe];2004;Both sexes;null;7.8;null;9.22;2.8;
Oman [Eastern Mediterranean];2004;Both sexes;null;2.0;null;;0.4;
Cabo Verde [Africa];2002;null;Not applicable;2.31;null;;1.3;
Marshall Islands [Western Pacific];2004;Female;null;0.0;null;;;
Benin [Africa];2004;Both sexes;null;15.8;null;;0.8;
North Macedonia [Europe];2002;null;Not applicable;2.86;null;;1.0;
C\u00f4te d'Ivoire [Africa];2004;Female;null;1.4;null;;0.6;
Costa Rica [Americas];2004;Male;null;11.3;null;13.8;2.5;
Sao Tome and Principe [Africa];2004;Both sexes;null;6.3;null;;1.8;
Israel [Europe];2004;Both sexes;null;4.9;null;4.63;0.8;
Peru [Americas];2002;null;Not applicable;4.03;null;;1.1;
Maldives [South-East Asia];2004;Both sexes;null;2.3;null;;3.6;
Cabo Verde [Africa];2004;Both sexes;null;12.1;null;;0.5;
Hungary [Europe];2004;Female;null;0.1;null;1.54;0.9;
Eritrea [Africa];2004;Both sexes;null;20.3;null;;0.6;
Libya [Eastern Mediterranean];2002;null;Not applicable;2.77;null;;0.3;
Bangladesh [South-East Asia];2004;Female;null;3.2;null;;0.2;
Mauritania [Africa];2004;Male;null;28.0;null;;1.1;
Turkey [Europe];2004;Female;null;0.4;null;;;
Myanmar [South-East Asia];2004;Female;null;1.1;null;;0.2;
Nicaragua [Americas];2004;Both sexes;null;17.6;null;;10.5;
Kenya [Africa];2002;null;Not applicable;18.18;null;;1.7;
Italy [Europe];2002;null;Not applicable;1.02;null;;0.3;
Djibouti [Eastern Mediterranean];2004;Male;null;7.1;null;;0.2;
Gabon [Africa];2004;Female;null;0.0;null;;0.4;
Panama [Americas];2004;Female;null;0.0;null;1.9;;
Uganda [Africa];2004;Male;null;55.6;null;;1.2;
Sudan [Eastern Mediterranean];2004;Female;null;1.9;null;;0.6;
Tonga [Western Pacific];2004;Both sexes;null;0.6;null;;0.0;
Republic of Moldova [Europe];2004;Male;null;10.7;null;13.23;5.0;
Greece [Europe];2004;Both sexes;null;0.8;null;1.03;0.1;
Algeria [Africa];2002;null;Not applicable;13.1;null;;1.2;
Malawi [Africa];2004;Male;null;42.9;null;;1.0;
Zimbabwe [Africa];2002;null;Not applicable;13.59;null;;1.6;
North Macedonia [Europe];2004;Female;null;0.0;null;;0.2;
Vanuatu [Western Pacific];2002;null;Not applicable;1.09;null;;0.1;
Democratic People's Republic of Korea [South-East Asia];2004;Male;null;32.6;null;;1.5;
Andorra [Europe];2004;Both sexes;null;0.7;null;;0.4;
Bahamas [Americas];2004;Female;null;0.0;null;;1.8;
Albania [Europe];2002;null;Not applicable;5.97;null;;0.1;
Iran (Islamic Republic of) [Eastern Mediterranean];2004;Female;null;0.4;null;;0.2;
Marshall Islands [Western Pacific];2002;null;Not applicable;1.79;null;;0.2;
Gabon [Africa];2004;Both sexes;null;18.7;null;;0.7;
Trinidad and Tobago [Americas];2004;Male;null;19.1;null;;1.7;
Paraguay [Americas];2002;null;Not applicable;20.07;null;;2.8;
Jamaica [Americas];2004;Both sexes;null;37.7;null;;0.1;
Nicaragua [Americas];2002;null;Not applicable;13.72;null;;9.8;
Indonesia [South-East Asia];2004;Both sexes;null;9.7;null;;1.0;
Syrian Arab Republic [Eastern Mediterranean];2004;Both sexes;null;3.0;null;;0.6;
Uganda [Africa];2004;Both sexes;null;33.1;null;;0.8;
Guinea-Bissau [Africa];2002;null;Not applicable;15.78;null;;2.2;
Marshall Islands [Western Pacific];2004;Male;null;3.3;null;;0.4;
Slovakia [Europe];2004;Male;null;2.5;null;2.61;0.0;
Sao Tome and Principe [Africa];2002;null;Not applicable;5.34;null;;1.6;
Portugal [Europe];2002;null;Not applicable;1.31;null;;0.5;
Philippines [Western Pacific];2004;Both sexes;null;24.7;null;;0.9;
Equatorial Guinea [Africa];2002;null;Not applicable;15.9;null;;2.1;
Albania [Europe];2004;Both sexes;null;6.7;null;;0.1;
Sudan [Eastern Mediterranean];2002;null;Not applicable;33.08;null;;1.1;
San Marino [Europe];2002;null;Not applicable;0.0;null;;;
United Kingdom of Great Britain and Northern Ireland [Europe];2004;Male;null;3.1;null;1.01;2.0;
Malawi [Africa];2004;Female;null;0.4;null;;0.5;
Denmark [Europe];2004;Female;null;0.0;null;;2.8;
India [South-East Asia];2002;null;Not applicable;6.58;null;;1.2;
The former state union Serbia and Montenegro;2002;null;Not applicable;1.64;null;;1.9;
Thailand [South-East Asia];2002;null;Not applicable;9.09;null;;1.1;
Uganda [Africa];2002;null;Not applicable;27.86;null;;1.9;
Brunei Darussalam [Western Pacific];2004;Both sexes;null;0.9;null;;;
Portugal [Europe];2004;Male;null;2.5;null;;1.6;
Slovakia [Europe];2002;null;Not applicable;2.07;null;;;
Timor-Leste [South-East Asia];2004;Male;null;28.2;null;;1.7;
Nauru [Western Pacific];2004;Female;null;0.0;null;;1.8;
Chad [Africa];2004;Both sexes;null;23.8;null;;1.0;
Jamaica [Americas];2004;Male;null;64.8;null;;0.1;
Seychelles [Africa];2002;null;Not applicable;3.49;null;;4.7;
Pakistan [Eastern Mediterranean];2004;Both sexes;null;5.1;null;;0.4;
Mexico [Americas];2002;null;Not applicable;11.08;null;;5.4;
Tajikistan [Europe];2004;Both sexes;null;3.3;null;;0.5;
Philippines [Western Pacific];2002;null;Not applicable;24.88;null;;0.8;
Qatar [Eastern Mediterranean];2002;null;Not applicable;1.41;null;;;
Comoros [Africa];2004;Female;null;0.0;null;;0.4;
Iraq [Eastern Mediterranean];2004;Both sexes;null;8.5;null;;0.3;
Brunei Darussalam [Western Pacific];2002;null;Not applicable;1.2;null;;;
Djibouti [Eastern Mediterranean];2002;null;Not applicable;4.09;null;;0.1;
South Africa [Africa];2004;Female;null;5.1;null;3.74;0.5;
France [Europe];2004;Both sexes;null;0.8;null;0.84;4.2;
Niger [Africa];2002;null;Not applicable;19.05;null;;2.3;
Belize [Americas];2004;Male;null;51.0;null;;4.0;
Paraguay [Americas];2004;Male;null;35.9;null;35.86;5.9;
Lao People's Democratic Republic [Western Pacific];2004;Male;null;9.7;null;;2.1;
Slovakia [Europe];2004;Female;null;0.0;null;1.18;;
Malta [Europe];2002;null;Not applicable;1.58;null;;;
Libya [Eastern Mediterranean];2004;Male;null;5.5;null;;0.1;
Ukraine [Europe];2004;Male;null;15.7;null;18.26;7.1;
Philippines [Western Pacific];2004;Female;null;1.5;null;;0.1;
Togo [Africa];2004;Male;null;27.0;null;;1.1;
Botswana [Africa];2004;Female;null;0.1;null;;0.3;
Palau [Western Pacific];2004;Female;null;0.0;null;;;
Israel [Europe];2004;Female;null;0.1;null;2.27;0.1;
Bangladesh [South-East Asia];2004;Both sexes;null;9.7;null;;1.0;
Grenada [Americas];2004;Both sexes;null;4.7;null;;3.7;
North Macedonia [Europe];2004;Male;null;8.5;null;;3.5;
Myanmar [South-East Asia];2004;Both sexes;null;16.3;null;;1.1;
Cook Islands [Western Pacific];2002;null;Not applicable;0.96;null;;0.1;
Lithuania [Europe];2002;null;Not applicable;9.75;null;;1.0;
Syrian Arab Republic [Eastern Mediterranean];2004;Male;null;5.2;null;;1.1;
Vanuatu [Western Pacific];2004;Male;null;1.8;null;;0.2;
Belarus [Europe];2004;Male;null;13.1;null;;5.8;
Slovenia [Europe];2002;null;Not applicable;0.72;null;;5.0;
Haiti [Americas];2004;Female;null;0.1;null;;1.0;
Haiti [Americas];2004;Male;null;12.0;null;;18.6;
Jordan [Eastern Mediterranean];2004;Male;null;12.7;null;;1.2;
Libya [Eastern Mediterranean];2004;Female;null;0.0;null;;0.0;
Republic of Korea [Western Pacific];2002;null;Not applicable;1.74;null;;2.9;
Venezuela (Bolivarian Republic of) [Americas];2002;null;Not applicable;34.94;null;;0.8;
Solomon Islands [Western Pacific];2004;Both sexes;null;1.2;null;;0.1;
United Arab Emirates [Eastern Mediterranean];2004;Both sexes;null;0.5;null;;1.1;
Palau [Western Pacific];2004;Both sexes;null;0.8;null;;0.1;
Dominica [Americas];2004;Male;null;16.2;null;;1.7;
North Macedonia [Europe];2004;Both sexes;null;5.1;null;;1.8;
Oman [Eastern Mediterranean];2004;Male;null;2.4;null;;0.7;
Romania [Europe];2004;Both sexes;null;2.9;null;3.6;2.9;
Solomon Islands [Western Pacific];2004;Female;null;0.0;null;;;
C\u00f4te d'Ivoire [Africa];2004;Male;null;103.4;null;;1.6;
Slovakia [Europe];2004;Both sexes;null;1.8;null;1.86;0.0;
Poland [Europe];2004;Female;null;0.2;null;0.76;0.7;
Romania [Europe];2004;Male;null;4.1;null;5.11;5.0;
Niger [Africa];2004;Female;null;0.4;null;;0.6;
Sao Tome and Principe [Africa];2004;Male;null;9.9;null;;2.7;
Republic of Korea [Western Pacific];2004;Both sexes;null;2.0;null;1.95;2.2;
Paraguay [Americas];2004;Female;null;0.1;null;2.33;0.7;
Bahamas [Americas];2004;Male;null;36.4;null;;8.4;
Mauritius [Africa];2004;Both sexes;null;2.6;null;3.74;4.1;
Egypt [Eastern Mediterranean];2004;Female;null;0.2;null;;0.0;
Kuwait [Eastern Mediterranean];2004;Male;null;1.4;null;;0.1;
France [Europe];2004;Male;null;0.9;null;1.04;7.0;
United Arab Emirates [Eastern Mediterranean];2002;null;Not applicable;0.86;null;;0.1;
Republic of Moldova [Europe];2004;Female;null;0.1;null;5.56;0.9;
Azerbaijan [Europe];2002;null;Not applicable;3.0;null;;2.7;
Barbados [Americas];2004;Male;null;24.5;null;;1.2;
Mongolia [Western Pacific];2004;Male;null;5.9;null;;1.3;
Samoa [Western Pacific];2004;Female;null;0.0;null;;;
Croatia [Europe];2004;Male;null;1.9;null;2.55;5.3;
Thailand [South-East Asia];2004;Male;null;10.7;null;;3.6;
Malta [Europe];2004;Male;null;0.7;null;;0.3;
Venezuela (Bolivarian Republic of) [Americas];2004;Male;null;71.3;null;69.19;1.2;
Monaco [Europe];2004;Both sexes;null;0.9;null;;2.0;
Russian Federation [Europe];2004;Both sexes;null;26.7;null;31.51;3.5;
Iceland [Europe];2004;Both sexes;null;1.0;null;;0.9;
Belize [Americas];2004;Both sexes;null;28.0;null;;2.0;
Cuba [Americas];2004;Female;null;0.1;null;3.24;0.1;
Honduras [Americas];2004;Female;null;0.2;null;;1.2;
Luxembourg [Europe];2004;Male;null;1.1;null;;5.7;
Togo [Africa];2004;Both sexes;null;16.7;null;;0.8;
Estonia [Europe];2004;Male;null;13.6;null;16.89;15.3;
Armenia [Europe];2004;Both sexes;null;3.2;null;;1.3;
Suriname [Americas];2002;null;Not applicable;4.91;null;;1.9;
Saint Vincent and the Grenadines [Americas];2004;Female;null;0.0;null;;;
Somalia [Eastern Mediterranean];2004;Male;null;2.4;null;;3.4;
Cambodia [Western Pacific];2002;null;Not applicable;21.82;null;;1.2;
Pakistan [Eastern Mediterranean];2004;Female;null;2.4;null;;0.1;
Albania [Europe];2004;Male;null;11.5;null;;0.1;
Denmark [Europe];2004;Male;null;1.2;null;;11.3;
Barbados [Americas];2004;Female;null;0.0;null;;0.3;
Kenya [Africa];2004;Male;null;43.6;null;;1.1;
Jordan [Eastern Mediterranean];2002;null;Not applicable;3.2;null;;1.0;
Madagascar [Africa];2004;Both sexes;null;14.6;null;;0.8;
Cabo Verde [Africa];2004;Female;null;0.0;null;;0.3;
Somalia [Eastern Mediterranean];2004;Female;null;0.1;null;;1.0;
Senegal [Africa];2004;Female;null;0.4;null;;0.5;
Finland [Europe];2002;null;Not applicable;2.83;null;;3.7;
Saudi Arabia [Eastern Mediterranean];2004;Male;null;4.0;null;;0.7;
Ethiopia [Africa];2004;Female;null;2.6;null;;0.5;
Jordan [Eastern Mediterranean];2004;Both sexes;null;7.4;null;;0.7;
Norway [Europe];2004;Female;null;0.0;null;0.83;0.8;
Bosnia and Herzegovina [Europe];2004;Male;null;2.9;null;;0.4;
Burundi [Africa];2004;Both sexes;null;44.8;null;;0.9;
Central African Republic [Africa];2002;null;Not applicable;28.6;null;;2.0;
Costa Rica [Americas];2002;null;Not applicable;6.78;null;;0.8;
Sudan [Eastern Mediterranean];2004;Both sexes;null;31.0;null;;1.3;
Canada [Americas];2004;Female;null;0.1;null;1.0;0.7;
Iraq [Eastern Mediterranean];2004;Male;null;15.2;null;;0.5;
Poland [Europe];2004;Male;null;2.2;null;2.72;7.1;
Guyana [Americas];2002;null;Not applicable;10.55;null;;0.9;
Nigeria [Africa];2002;null;Not applicable;28.75;null;;2.1;
Zimbabwe [Africa];2004;Female;null;0.7;null;;0.5;
Costa Rica [Americas];2004;Female;null;0.0;null;2.06;0.1;
Niue [Western Pacific];2002;null;Not applicable;1.07;null;;0.1;
Finland [Europe];2004;Both sexes;null;2.4;null;2.96;3.5;
Gambia [Africa];2004;Male;null;25.4;null;;1.1;
Sudan [Eastern Mediterranean];2004;Male;null;51.0;null;;2.1;
United Republic of Tanzania [Africa];2004;Both sexes;null;33.3;null;;0.8;
Switzerland [Europe];2004;Male;null;0.9;null;1.05;3.5;
Eritrea [Africa];2004;Female;null;0.1;null;;0.4;
Georgia [Europe];2004;Both sexes;null;3.4;null;;0.2;
United States of America [Americas];2004;Female;null;3.9;null;2.94;0.9;
Turkey [Europe];2004;Male;null;4.7;null;;;
Bulgaria [Europe];2002;null;Not applicable;2.74;null;;0.6;
Saudi Arabia [Eastern Mediterranean];2004;Both sexes;null;3.1;null;;0.4;
Belize [Americas];2002;null;Not applicable;15.49;null;;4.2;
Senegal [Africa];2002;null;Not applicable;13.26;null;;1.9;
Angola [Africa];2004;Both sexes;null;48.2;null;;1.3;
Guinea [Africa];2004;Female;null;0.3;null;;0.5;
Central African Republic [Africa];2004;Female;null;0.2;null;;0.5;
Saint Vincent and the Grenadines [Americas];2004;Male;null;29.5;null;;8.5;
Croatia [Europe];2002;null;Not applicable;1.7;null;;3.2;
Ecuador [Americas];2004;Male;null;45.9;null;46.09;6.9;
Myanmar [South-East Asia];2002;null;Not applicable;18.51;null;;1.1;
Luxembourg [Europe];2004;Both sexes;null;1.2;null;;3.7;
Bosnia and Herzegovina [Europe];2004;Female;null;0.0;null;;;
United Arab Emirates [Eastern Mediterranean];2004;Male;null;0.6;null;;1.7;
Nigeria [Africa];2004;Both sexes;null;21.4;null;;0.9;
Uruguay [Americas];2004;Male;null;7.4;null;;2.2;
Cook Islands [Western Pacific];2004;Female;null;0.0;null;;;
Saudi Arabia [Eastern Mediterranean];2004;Female;null;0.2;null;;0.1;
Yemen [Eastern Mediterranean];2002;null;Not applicable;3.08;null;;1.5;
Afghanistan [Eastern Mediterranean];2004;Both sexes;null;3.8;null;;0.7;
Namibia [Africa];2002;null;Not applicable;32.62;null;;1.7;
Peru [Americas];2004;Both sexes;null;3.4;null;;1.0;
Norway [Europe];2004;Both sexes;null;0.8;null;1.14;2.9;
Panama [Americas];2004;Male;null;22.3;null;24.83;0.6;
Australia [Western Pacific];2004;Female;null;0.1;null;;0.3;
Georgia [Europe];2004;Female;null;0.0;null;;0.0;
Sweden [Europe];2004;Female;null;0.0;null;0.86;1.0;
Dominican Republic [Americas];2004;Female;null;0.2;null;;0.1;
Papua New Guinea [Western Pacific];2004;Female;null;0.1;null;;0.2;
Tajikistan [Europe];2004;Male;null;4.1;null;;0.6;
Andorra [Europe];2004;Female;null;0.0;null;;0.1;
Monaco [Europe];2004;Female;null;0.0;null;;0.5;
Tunisia [Eastern Mediterranean];2004;Both sexes;null;1.7;null;;1.6;
Niger [Africa];2004;Both sexes;null;26.9;null;;1.1;
Mali [Africa];2004;Both sexes;null;23.5;null;;0.9;
Yemen [Eastern Mediterranean];2004;Male;null;5.5;null;;0.9;
Grenada [Americas];2004;Male;null;2.7;null;;8.4;
Vanuatu [Western Pacific];2004;Both sexes;null;1.0;null;;0.1;
Nauru [Western Pacific];2004;Both sexes;null;12.6;null;;0.9;
Lebanon [Eastern Mediterranean];2004;Male;null;4.4;null;;3.9;
Senegal [Africa];2004;Both sexes;null;17.2;null;;0.8;
Sierra Leone [Africa];2004;Both sexes;null;39.8;null;;1.2;
Eswatini [Africa];2004;Both sexes;null;25.8;null;;0.7;
Angola [Africa];2002;null;Not applicable;51.06;null;;2.7;
Ghana [Africa];2002;null;Not applicable;10.68;null;;1.8;
Afghanistan [Eastern Mediterranean];2004;Female;null;0.1;null;;0.0;
Bhutan [South-East Asia];2004;Female;null;0.0;null;;0.2;
Seychelles [Africa];2004;Female;null;0.0;null;;0.1;
Burkina Faso [Africa];2004;Male;null;37.2;null;;1.3;
Samoa [Western Pacific];2004;Both sexes;null;1.0;null;;0.1;
Micronesia (Federated States of) [Western Pacific];2004;Female;null;0.0;null;;;
Jamaica [Americas];2004;Female;null;0.2;null;;0.0;
Lebanon [Eastern Mediterranean];2004;Female;null;0.0;null;;0.2;
Mozambique [Africa];2004;Male;null;43.8;null;;1.1;
Republic of Korea [Western Pacific];2004;Male;null;2.1;null;2.12;4.3;
Panama [Americas];2002;null;Not applicable;9.72;null;;1.2;
Lesotho [Africa];2004;Both sexes;null;16.2;null;;0.5;
Kyrgyzstan [Europe];2004;Male;null;15.1;null;15.36;2.9;
Mauritania [Africa];2002;null;Not applicable;15.47;null;;2.2;
Georgia [Europe];2002;null;Not applicable;3.5;null;;0.3;
Somalia [Eastern Mediterranean];2002;null;Not applicable;38.62;null;;1.8;
Gambia [Africa];2002;null;Not applicable;11.82;null;;1.8;
Thailand [South-East Asia];2004;Both sexes;null;6.7;null;;1.9;
Malaysia [Western Pacific];2004;Male;null;17.9;null;;1.5;
Turkmenistan [Europe];2004;Female;null;0.1;null;;3.4;
Guyana [Americas];2004;Male;null;35.5;null;;1.7;
United Republic of Tanzania [Africa];2004;Male;null;57.0;null;;1.2;
C\u00f4te d'Ivoire [Africa];2004;Both sexes;null;62.4;null;;1.1;
Kyrgyzstan [Europe];2004;Female;null;0.1;null;4.7;0.7;
Comoros [Africa];2002;null;Not applicable;8.97;null;;1.6;
Ghana [Africa];2004;Female;null;0.7;null;;1.0;
Eritrea [Africa];2002;null;Not applicable;9.64;null;;1.6;
Romania [Europe];2002;null;Not applicable;3.22;null;;3.1;
Rwanda [Africa];2004;Female;null;0.5;null;;0.5;
Andorra [Europe];2002;null;Not applicable;0.77;null;;0.4;
San Marino [Europe];2004;Both sexes;null;0.0;null;;;
Viet Nam [Western Pacific];2004;Both sexes;null;4.3;null;;0.9;
Niue [Western Pacific];2004;Female;null;0.0;null;;;
Ethiopia [Africa];2004;Both sexes;null;25.7;null;;0.7;
Zambia [Africa];2004;Male;null;51.7;null;;1.2;
United Republic of Tanzania [Africa];2002;null;Not applicable;30.11;null;;1.9;
Guinea [Africa];2004;Male;null;32.4;null;;1.2;
Kiribati [Western Pacific];2002;null;Not applicable;7.26;null;;;
Tajikistan [Europe];2002;null;Not applicable;7.99;null;;1.3;
Venezuela (Bolivarian Republic of) [Americas];2004;Both sexes;null;38.2;null;36.72;0.6;
Lithuania [Europe];2004;Male;null;12.2;null;15.08;1.4;
Micronesia (Federated States of) [Western Pacific];2004;Male;null;1.5;null;;0.2;
Mozambique [Africa];2004;Female;null;0.9;null;;0.5;
Singapore [Western Pacific];2004;Female;null;0.0;null;0.36;;
Uzbekistan [Europe];2002;null;Not applicable;4.49;null;;0.4;
Iran (Islamic Republic of) [Eastern Mediterranean];2004;Both sexes;null;2.8;null;;1.2;
South Africa [Africa];2004;Both sexes;null;70.8;null;12.0;0.9;
Marshall Islands [Western Pacific];2004;Both sexes;null;1.7;null;;0.2;
Namibia [Africa];2004;Both sexes;null;15.8;null;;0.5;
Qatar [Eastern Mediterranean];2004;Both sexes;null;0.9;null;;;
Democratic Republic of the Congo [Africa];2004;Male;null;22.8;null;;1.4;
Senegal [Africa];2004;Male;null;27.2;null;;1.2;
Sierra Leone [Africa];2004;Male;null;71.2;null;;1.8;
Chile [Americas];2002;null;Not applicable;5.59;null;;2.5;
Bahrain [Eastern Mediterranean];2004;Male;null;1.3;null;;0.9;
Estonia [Europe];2004;Female;null;0.0;null;2.65;3.5;
Austria [Europe];2004;Male;null;0.7;null;0.73;5.8;
Egypt [Eastern Mediterranean];2004;Both sexes;null;1.5;null;;0.4;
Malaysia [Western Pacific];2004;Female;null;0.3;null;;0.2;
Georgia [Europe];2004;Male;null;6.2;null;;0.6;
Saint Lucia [Americas];2004;Male;null;39.6;null;;4.0;
Morocco [Eastern Mediterranean];2004;Male;null;2.1;null;;1.5;
Timor-Leste [South-East Asia];2004;Female;null;0.0;null;;0.2;
Brazil [Americas];2002;null;Not applicable;31.09;null;;4.4;
Central African Republic [Africa];2004;Male;null;62.6;null;;1.3;
Belarus [Europe];2002;null;Not applicable;11.75;null;;3.5;
Bulgaria [Europe];2004;Male;null;4.2;null;5.32;1.6;
Djibouti [Eastern Mediterranean];2004;Female;null;0.0;null;;0.0;
Latvia [Europe];2004;Female;null;0.1;null;7.04;0.6;
Tunisia [Eastern Mediterranean];2004;Male;null;3.0;null;;3.1;
Burkina Faso [Africa];2002;null;Not applicable;17.13;null;;2.2;
Nauru [Western Pacific];2002;null;Not applicable;10.89;null;;0.9;
Malaysia [Western Pacific];2004;Both sexes;null;10.2;null;;0.9;
Cameroon [Africa];2002;null;Not applicable;12.96;null;;2.0;
Fiji [Western Pacific];2002;null;Not applicable;0.86;null;;0.2;
Peru [Americas];2004;Female;null;0.2;null;;0.5;
Canada [Americas];2004;Male;null;2.0;null;2.91;2.5;
Russian Federation [Europe];2004;Female;null;10.1;null;13.9;1.1;
Australia [Western Pacific];2002;null;Not applicable;1.44;null;;1.1;
Monaco [Europe];2004;Male;null;1.2;null;;3.5;
Turkmenistan [Europe];2002;null;Not applicable;11.47;null;;6.2;
Burundi [Africa];2004;Male;null;83.7;null;;1.4;
India [South-East Asia];2004;Male;null;8.6;null;;2.2;
Finland [Europe];2004;Female;null;0.0;null;1.32;1.2;
Fiji [Western Pacific];2004;Both sexes;null;0.7;null;;0.2;
Gambia [Africa];2004;Female;null;0.0;null;;0.5;
Estonia [Europe];2004;Both sexes;null;7.7;null;9.27;8.8;
Netherlands [Europe];2004;Male;null;1.7;null;2.02;1.5;
United Republic of Tanzania [Africa];2004;Female;null;1.6;null;;0.5;
Argentina [Americas];2004;Female;null;0.4;null;1.91;0.3;
Burundi [Africa];2002;null;Not applicable;23.44;null;;1.9;
Oman [Eastern Mediterranean];2002;null;Not applicable;2.09;null;;0.3;
Tonga [Western Pacific];2004;Male;null;1.1;null;;0.1;
Rwanda [Africa];2004;Both sexes;null;34.4;null;;0.9;
Seychelles [Africa];2004;Both sexes;null;3.2;null;;4.5;
Syrian Arab Republic [Eastern Mediterranean];2004;Female;null;0.1;null;;0.1;
Belgium [Europe];2002;null;Not applicable;1.68;null;;1.8;
Saint Lucia [Americas];2002;null;Not applicable;7.34;null;;4.6;
Syrian Arab Republic [Eastern Mediterranean];2002;null;Not applicable;3.16;null;;0.8;
Lebanon [Eastern Mediterranean];2002;null;Not applicable;2.99;null;;1.9;
Bangladesh [South-East Asia];2004;Male;null;13.8;null;;1.8;
Switzerland [Europe];2004;Both sexes;null;0.9;null;1.0;2.3;
Antigua and Barbuda [Americas];2004;Both sexes;null;7.5;null;;5.5;
Iran (Islamic Republic of) [Eastern Mediterranean];2004;Male;null;4.4;null;;2.2;
Israel [Europe];2002;null;Not applicable;0.74;null;;0.7;
Mongolia [Western Pacific];2004;Both sexes;null;3.3;null;;0.8;
Benin [Africa];2002;null;Not applicable;12.7;null;;2.0;
Hungary [Europe];2002;null;Not applicable;2.34;null;;2.7;
Ethiopia [Africa];2004;Male;null;43.8;null;;1.0;
Gabon [Africa];2004;Male;null;29.3;null;;1.1;
Mozambique [Africa];2002;null;Not applicable;11.96;null;;1.6;
Equatorial Guinea [Africa];2004;Male;null;46.4;null;;1.5;
Eswatini [Africa];2004;Female;null;0.1;null;;0.4;
Hungary [Europe];2004;Both sexes;null;1.9;null;2.21;3.3;
Monaco [Europe];2002;null;Not applicable;0.95;null;;2.0;
Eritrea [Africa];2004;Male;null;34.6;null;;0.9;
Ghana [Africa];2004;Both sexes;null;14.1;null;;1.8;
Italy [Europe];2004;Female;null;0.2;null;;0.1;
Egypt [Eastern Mediterranean];2002;null;Not applicable;1.46;null;;0.0;
Morocco [Eastern Mediterranean];2004;Female;null;0.1;null;;0.1;
Qatar [Eastern Mediterranean];2004;Female;null;0.0;null;;;
Sweden [Europe];2004;Male;null;1.5;null;1.65;4.7;
Guyana [Americas];2004;Female;null;0.0;null;;0.4;
Austria [Europe];2004;Female;null;0.0;null;0.8;1.0;
Micronesia (Federated States of) [Western Pacific];2002;null;Not applicable;1.27;null;;0.1;
Morocco [Eastern Mediterranean];2002;null;Not applicable;1.32;null;;0.6;
Belgium [Europe];2004;Female;null;0.1;null;;0.8;
Tuvalu [Western Pacific];2004;Male;null;3.3;null;;0.3;
Iceland [Europe];2002;null;Not applicable;0.58;null;;1.1;
Ecuador [Americas];2004;Both sexes;null;25.1;null;25.05;3.7;
New Zealand [Western Pacific];2004;Female;null;0.0;null;0.49;0.3;
Honduras [Americas];2004;Male;null;46.7;null;;27.0;
United States of America [Americas];2002;null;Not applicable;5.67;null;;2.0;
Cameroon [Africa];2004;Male;null;30.2;null;;1.2;
China [Western Pacific];2004;Male;null;2.8;null;;1.5;
Czechia [Europe];2004;Female;null;0.0;null;0.85;0.5;
El Salvador [Americas];2004;Female;null;0.3;null;9.6;1.6;
Argentina [Americas];2004;Both sexes;null;6.8;null;7.63;1.7;
Maldives [South-East Asia];2004;Female;null;0.0;null;;1.0;
Turkmenistan [Europe];2004;Male;null;17.0;null;;9.0;
United Kingdom of Great Britain and Northern Ireland [Europe];2004;Both sexes;null;2.0;null;0.62;1.4;
Togo [Africa];2004;Female;null;0.2;null;;0.5;
United States of America [Americas];2004;Male;null;9.6;null;12.4;3.4;
Lesotho [Africa];2004;Male;null;28.9;null;;0.9;
Liberia [Africa];2004;Both sexes;null;21.5;null;;0.9;
Viet Nam [Western Pacific];2004;Male;null;6.8;null;;1.6;
Zimbabwe [Africa];2004;Male;null;63.5;null;;1.2;
Spain [Europe];2004;Both sexes;null;1.3;null;1.62;0.6;
Andorra [Europe];2004;Male;null;1.1;null;;0.8;
Myanmar [South-East Asia];2004;Male;null;28.0;null;;2.0;
Turkey [Europe];2004;Both sexes;null;2.9;null;;;
Slovenia [Europe];2004;Female;null;0.0;null;1.42;1.5;
Germany [Europe];2004;Male;null;0.7;null;0.77;7.0;
Iran (Islamic Republic of) [Eastern Mediterranean];2002;null;Not applicable;5.05;null;;3.5;
Sweden [Europe];2004;Both sexes;null;1.3;null;1.26;2.8;
Azerbaijan [Europe];2004;Both sexes;null;2.9;null;;1.7;
Rwanda [Africa];2004;Male;null;61.2;null;;1.3;
Sri Lanka [South-East Asia];2004;Male;null;12.1;null;;10.1;
Nepal [South-East Asia];2004;Female;null;0.7;null;;0.2;
Argentina [Americas];2002;null;Not applicable;8.85;null;;1.9;
Ukraine [Europe];2004;Both sexes;null;10.6;null;12.13;3.6;
Guinea [Africa];2002;null;Not applicable;29.6;null;;2.1;
Sri Lanka [South-East Asia];2004;Female;null;0.2;null;;0.7;
Bosnia and Herzegovina [Europe];2004;Both sexes;null;1.8;null;;0.2;
Mauritius [Africa];2004;Female;null;0.0;null;1.54;0.6;
United Kingdom of Great Britain and Northern Ireland [Europe];2002;null;Not applicable;1.15;null;;1.4;
Palau [Western Pacific];2004;Male;null;1.5;null;;0.2;
India [South-East Asia];2004;Both sexes;null;6.5;null;;1.2;
Liberia [Africa];2004;Male;null;37.2;null;;1.3;
Dominica [Americas];2002;null;Not applicable;4.58;null;;4.2;
Bahrain [Eastern Mediterranean];2004;Female;null;0.0;null;;;
Turkmenistan [Europe];2004;Both sexes;null;9.9;null;;5.9;
Saint Lucia [Americas];2004;Female;null;0.0;null;;;
Tuvalu [Western Pacific];2004;Both sexes;null;1.9;null;;0.2;
Indonesia [South-East Asia];2004;Female;null;4.0;null;;0.3;
Turkey [Europe];2002;null;Not applicable;3.67;null;;;
Nauru [Western Pacific];2004;Male;null;4.4;null;;;
Russian Federation [Europe];2002;null;Not applicable;29.64;null;;4.8;
Russian Federation [Europe];2004;Male;null;43.3;null;51.04;6.3;
Kazakhstan [Europe];2004;Both sexes;null;16.2;null;21.04;3.1;
Democratic Republic of the Congo [Africa];2002;null;Not applicable;27.34;null;;2.2;
Namibia [Africa];2004;Female;null;0.0;null;;0.3;
Luxembourg [Europe];2004;Female;null;0.0;null;;1.6;
Morocco [Eastern Mediterranean];2004;Both sexes;null;1.2;null;;0.8;
Mexico [Americas];2004;Female;null;1.3;null;2.77;0.1;
Kuwait [Eastern Mediterranean];2002;null;Not applicable;1.26;null;;0.1;
Suriname [Americas];2004;Female;null;0.0;null;;0.3;
Republic of Korea [Western Pacific];2004;Female;null;0.5;null;1.81;0.3;
Greece [Europe];2002;null;Not applicable;1.01;null;;0.0;
Mauritius [Africa];2004;Male;null;4.2;null;6.16;8.0;
Cuba [Americas];2002;null;Not applicable;4.99;null;;2.4;
Democratic Republic of the Congo [Africa];2004;Both sexes;null;45.1;null;;0.9;
Tuvalu [Western Pacific];2004;Female;null;0.0;null;;;
Guinea-Bissau [Africa];2004;Male;null;35.7;null;;1.3;
Ukraine [Europe];2004;Female;null;1.8;null;6.67;0.7;
Sweden [Europe];2002;null;Not applicable;1.0;null;;3.7;
Slovenia [Europe];2004;Both sexes;null;1.9;null;2.24;4.1;
Cook Islands [Western Pacific];2004;Male;null;1.6;null;;0.1;
Malta [Europe];2004;Female;null;0.0;null;;0.1;
Mauritius [Africa];2002;null;Not applicable;2.6;null;;3.0;
Iraq [Eastern Mediterranean];2004;Female;null;0.2;null;;0.0;
Maldives [South-East Asia];2002;null;Not applicable;11.23;null;;0.9;
Finland [Europe];2004;Male;null;3.6;null;4.57;5.9;
Bahrain [Eastern Mediterranean];2004;Both sexes;null;1.1;null;;0.5;
Kazakhstan [Europe];2002;null;Not applicable;19.89;null;;2.4;
Mexico [Americas];2004;Male;null;17.8;null;22.41;2.1;
Ireland [Europe];2002;null;Not applicable;1.02;null;;2.3;
Dominican Republic [Americas];2004;Both sexes;null;18.6;null;;1.8;
Bulgaria [Europe];2004;Female;null;0.1;null;1.38;0.1;
Dominica [Americas];2004;Both sexes;null;9.8;null;;1.9;
Madagascar [Africa];2004;Female;null;0.5;null;;0.5;
Solomon Islands [Western Pacific];2002;null;Not applicable;1.47;null;;0.1;
Czechia [Europe];2004;Male;null;1.6;null;1.82;2.1;
United States of America [Americas];2004;Both sexes;null;6.2;null;7.73;2.1;
El Salvador [Americas];2002;null;Not applicable;42.39;null;;23.2;
Mexico [Americas];2004;Both sexes;null;9.9;null;12.24;1.1;
Saudi Arabia [Eastern Mediterranean];2002;null;Not applicable;2.85;null;;0.2;
Israel [Europe];2004;Male;null;7.2;null;6.99;1.5;
Cyprus [Europe];2004;Female;null;0.0;null;;0.0;
Malawi [Africa];2002;null;Not applicable;11.45;null;;1.8;
Belgium [Europe];2004;Male;null;1.8;null;;2.8;
Ecuador [Americas];2002;null;Not applicable;24.77;null;;4.3;
Namibia [Africa];2004;Male;null;26.6;null;;0.8;
Guatemala [Americas];2004;Both sexes;null;51.3;null;43.73;14.7;
Barbados [Americas];2004;Both sexes;null;14.5;null;;0.7;
Mali [Africa];2004;Female;null;0.4;null;;0.6;
Estonia [Europe];2002;null;Not applicable;14.17;null;;3.7;
Fiji [Western Pacific];2004;Female;null;0.0;null;;;
Algeria [Africa];2004;Male;null;13.8;null;;0.7;
Burkina Faso [Africa];2004;Both sexes;null;22.5;null;;0.9;
Oman [Eastern Mediterranean];2004;Female;null;0.0;null;;;
Chile [Americas];2004;Both sexes;null;5.3;null;6.91;3.0;
Portugal [Europe];2004;Both sexes;null;1.6;null;;0.9;
Germany [Europe];2004;Female;null;0.3;null;0.62;1.7;
Rwanda [Africa];2002;null;Not applicable;25.39;null;;2.0;
Algeria [Africa];2004;Both sexes;null;9.8;null;;0.5;
Bolivia (Plurinational State of) [Americas];2002;null;Not applicable;4.74;null;;1.6;
Chad [Africa];2004;Male;null;39.9;null;;1.4;
Niue [Western Pacific];2004;Both sexes;null;1.0;null;;0.1;
Botswana [Africa];2002;null;Not applicable;7.34;null;;1.4;
Brunei Darussalam [Western Pacific];2004;Female;null;0.0;null;;;
Equatorial Guinea [Africa];2004;Both sexes;null;28.3;null;;1.0;
Saint Kitts and Nevis [Americas];2004;Female;null;0.0;null;;2.1;
Trinidad and Tobago [Americas];2004;Both sexes;null;12.9;null;;0.8;
Cuba [Americas];2004;Both sexes;null;5.6;null;7.22;2.1;
Cameroon [Africa];2004;Female;null;0.6;null;;0.5;
Peru [Americas];2004;Male;null;5.6;null;;1.5;
Croatia [Europe];2004;Female;null;0.0;null;1.79;0.8;
China [Western Pacific];2002;null;Not applicable;2.84;null;;0.6;
Sri Lanka [South-East Asia];2002;null;Not applicable;7.81;null;;5.7;
Ukraine [Europe];2002;null;Not applicable;13.92;null;;2.4;
Colombia [Americas];2004;Male;null;155.7;null;102.27;0.0;
China [Western Pacific];2004;Female;null;8.2;null;;0.3;
United Arab Emirates [Eastern Mediterranean];2004;Female;null;0.0;null;;;
Lao People's Democratic Republic [Western Pacific];2004;Female;null;0.1;null;;0.3;
Pakistan [Eastern Mediterranean];2002;null;Not applicable;5.61;null;;1.0;
Croatia [Europe];2004;Both sexes;null;1.6;null;2.16;2.9;
Denmark [Europe];2002;null;Not applicable;1.06;null;;7.2;
Grenada [Americas];2002;null;Not applicable;4.57;null;;4.0;
Kenya [Africa];2004;Both sexes;null;26.3;null;;0.7;
Saint Vincent and the Grenadines [Americas];2002;null;Not applicable;14.58;null;;2.0;
Iceland [Europe];2004;Female;null;0.0;null;;0.6;
Guatemala [Americas];2002;null;Not applicable;47.8;null;;12.9;
Czechia [Europe];2004;Both sexes;null;1.2;null;1.31;1.3;
Azerbaijan [Europe];2004;Female;null;0.1;null;;1.0;
Afghanistan [Eastern Mediterranean];2002;null;Not applicable;4.65;null;;0.6;
Italy [Europe];2004;Both sexes;null;0.9;null;;0.2;
Guinea-Bissau [Africa];2004;Both sexes;null;21.2;null;;0.9;
Dominica [Americas];2004;Female;null;0.0;null;;2.2;
Vanuatu [Western Pacific];2004;Female;null;0.0;null;;;
Micronesia (Federated States of) [Western Pacific];2004;Both sexes;null;0.8;null;;0.1;
Maldives [South-East Asia];2004;Male;null;1.9;null;;6.1;
Uruguay [Americas];2004;Both sexes;null;4.9;null;;1.2;
Samoa [Western Pacific];2004;Male;null;1.9;null;;0.2;
Nigeria [Africa];2004;Male;null;34.9;null;;1.3;
Republic of Moldova [Europe];2002;null;Not applicable;11.85;null;;1.9;
Latvia [Europe];2004;Both sexes;null;9.2;null;11.06;1.9;
Bolivia (Plurinational State of) [Americas];2004;Both sexes;null;4.4;null;;1.5;
Bulgaria [Europe];2004;Both sexes;null;2.7;null;3.32;0.8;
Singapore [Western Pacific];2004;Both sexes;null;1.2;null;0.54;;
Zambia [Africa];2002;null;Not applicable;5.12;null;;1.6;
Grenada [Americas];2004;Female;null;0.0;null;;;
Colombia [Americas];2004;Female;null;2.4;null;8.78;;
Cabo Verde [Africa];2004;Male;null;19.6;null;;0.9;
Bahamas [Americas];2004;Both sexes;null;22.4;null;;4.9;
Dominican Republic [Americas];2004;Male;null;33.7;null;;3.5;
Poland [Europe];2002;null;Not applicable;1.65;null;;3.2;
Dominican Republic [Americas];2002;null;Not applicable;11.19;null;;1.4;
Uruguay [Americas];2002;null;Not applicable;5.72;null;;1.6;
Ethiopia [Africa];2002;null;Not applicable;26.46;null;;1.9;
Niue [Western Pacific];2004;Male;null;1.8;null;;0.2;
Bolivia (Plurinational State of) [Americas];2004;Male;null;7.4;null;;2.3;
Colombia [Americas];2004;Both sexes;null;81.7;null;54.37;0.0;
Nepal [South-East Asia];2004;Male;null;28.5;null;;2.0;
Cambodia [Western Pacific];2004;Female;null;0.4;null;;0.3;
Saint Lucia [Americas];2004;Both sexes;null;22.4;null;;1.9;
Tonga [Western Pacific];2002;null;Not applicable;0.71;null;;0.1;
Belgium [Europe];2004;Both sexes;null;1.6;null;;1.7;
Austria [Europe];2004;Both sexes;null;0.7;null;0.76;3.2;
Barbados [Americas];2002;null;Not applicable;7.63;null;;0.6;
Antigua and Barbuda [Americas];2004;Male;null;12.7;null;;11.6;
Spain [Europe];2004;Female;null;0.2;null;1.15;0.1;
Liberia [Africa];2004;Female;null;0.1;null;;0.6;
Lithuania [Europe];2004;Female;null;0.1;null;5.26;0.2;
Gabon [Africa];2002;null;Not applicable;11.2;null;;2.0;
Mongolia [Western Pacific];2002;null;Not applicable;3.58;null;;1.0;
Samoa [Western Pacific];2002;null;Not applicable;1.06;null;;0.1;
Kenya [Africa];2004;Female;null;1.4;null;;0.4;
Japan [Western Pacific];2004;Male;null;0.5;null;0.54;0.4;
Brunei Darussalam [Western Pacific];2004;Male;null;1.2;null;;;
Kyrgyzstan [Europe];2004;Both sexes;null;9.8;null;9.91;1.7;
Comoros [Africa];2004;Both sexes;null;11.3;null;;0.6;
Zimbabwe [Africa];2004;Both sexes;null;37.7;null;;0.8;
Viet Nam [Western Pacific];2004;Female;null;0.7;null;;0.2;
Sierra Leone [Africa];2002;null;Not applicable;60.71;null;;2.8;
Libya [Eastern Mediterranean];2004;Both sexes;null;3.2;null;;0.0;
Eswatini [Africa];2004;Male;null;40.6;null;;1.1;
Guyana [Americas];2004;Both sexes;null;23.8;null;;1.1;
Pakistan [Eastern Mediterranean];2004;Male;null;6.1;null;;0.8;
Mauritania [Africa];2004;Female;null;0.1;null;;0.5;
Honduras [Americas];2004;Both sexes;null;26.4;null;;13.7;
Netherlands [Europe];2004;Both sexes;null;1.2;null;1.41;0.9;
Sierra Leone [Africa];2004;Female;null;0.3;null;;0.7;
Kazakhstan [Europe];2004;Male;null;25.0;null;33.6;5.5;
