Country;Year;Sex;Age-standardized DALYs falls per 100000;Comments;Neonatal mortality rate (deaths per 1000 live births);Age-standardized DALYs diabetes mellitus per 100000;Prevalence of obesity among adults (%);
Nigeria [Africa];2004;Both sexes;143.0;null;;609.0;;
Singapore [Western Pacific];2004;Female;69.0;null;;565.0;6;
Lebanon [Eastern Mediterranean];2004;Both sexes;282.0;null;;436.0;;
Kyrgyzstan [Europe];2004;Both sexes;316.0;null;;261.0;;
Peru [Americas];2004;Both sexes;136.0;null;;384.0;;
Panama [Americas];2004;Both sexes;114.0;null;;416.0;;
Niue [Western Pacific];2004;Both sexes;122.0;null;;592.0;;
Cyprus [Europe];2004;Both sexes;67.0;null;;528.0;;
Jordan [Eastern Mediterranean];2004;Both sexes;162.0;null;;454.0;;
Chile [Americas];2004;Both sexes;104.0;null;;397.0;;
Mauritania [Africa];2004;Both sexes;117.0;null;;503.0;;
Mongolia [Western Pacific];2004;Both sexes;341.0;null;;104.0;;
Yemen [Eastern Mediterranean];2004;Female;435.0;null;;334.0;12;
Zimbabwe [Africa];2004;Both sexes;141.0;null;;506.0;;
Belgium [Europe];2004;Female;99.0;null;;194.0;21;
Antigua and Barbuda [Americas];2004;Both sexes;94.0;null;;869.0;;
Sweden [Europe];2004;Male;143.0;null;;204.0;18;
Myanmar [South-East Asia];2004;Female;272.0;null;;336.0;3;
Kazakhstan [Europe];2004;Male;428.0;null;;190.0;13;
Belgium [Europe];2004;Both sexes;148.0;null;;182.0;;
Jordan [Eastern Mediterranean];2004;Female;110.0;null;;499.0;32;
United Arab Emirates [Eastern Mediterranean];2004;Female;95.0;null;;1054.0;30;
Nigeria [Africa];2004;Male;181.0;null;;515.0;2;
Madagascar [Africa];2004;Female;86.0;null;;539.0;3;
Latvia [Europe];2004;Female;180.0;null;;250.0;25;
Gabon [Africa];2004;Male;149.0;null;;372.0;5;
Mauritius [Africa];2004;Female;23.0;null;;1125.0;11;
Japan [Western Pacific];2004;Both sexes;107.0;null;;172.0;;
Mexico [Americas];2004;Female;81.0;null;;1128.0;25;
Sierra Leone [Africa];2004;Female;125.0;null;;784.0;7;
Guatemala [Americas];2004;Male;227.0;null;;499.0;8;
Democratic Republic of the Congo [Africa];2004;Both sexes;222.0;null;;543.0;;
United Arab Emirates [Eastern Mediterranean];2004;Both sexes;129.0;null;;1024.0;;
Kyrgyzstan [Europe];2004;Female;122.0;null;;266.0;11;
Latvia [Europe];2004;Both sexes;337.0;null;;239.0;;
Qatar [Eastern Mediterranean];2004;Both sexes;104.0;null;;759.0;;
Monaco [Europe];2004;Female;87.0;null;;206.0;;
Paraguay [Americas];2004;Female;100.0;null;;738.0;15;
Ethiopia [Africa];2004;Both sexes;100.0;null;;496.0;;
Viet Nam [Western Pacific];2004;Female;181.0;null;;275.0;1;
Kazakhstan [Europe];2004;Female;174.0;null;;205.0;17;
Iran (Islamic Republic of) [Eastern Mediterranean];2004;Female;255.0;null;;479.0;22;
Liberia [Africa];2004;Both sexes;133.0;null;;599.0;;
Australia [Western Pacific];2004;Male;240.0;null;;232.0;23;
United Kingdom of Great Britain and Northern Ireland [Europe];2004;Both sexes;97.0;null;;168.0;;
Cabo Verde [Africa];2004;Female;69.0;null;;635.0;9;
Cambodia [Western Pacific];2004;Both sexes;216.0;null;;496.0;;
Albania [Europe];2004;Female;102.0;null;;169.0;16;
Ukraine [Europe];2004;Male;524.0;null;;187.0;17;
Dominica [Americas];2004;Both sexes;72.0;null;;629.0;;
Finland [Europe];2004;Male;384.0;null;;192.0;20;
Togo [Africa];2004;Both sexes;113.0;null;;536.0;;
Paraguay [Americas];2004;Male;139.0;null;;544.0;10;
Poland [Europe];2004;Female;120.0;null;;238.0;21;
Belarus [Europe];2004;Both sexes;424.0;null;;295.0;;
Barbados [Americas];2004;Both sexes;54.0;null;;635.0;;
Lao People's Democratic Republic [Western Pacific];2004;Female;439.0;null;;268.0;3;
Ireland [Europe];2004;Male;164.0;null;;150.0;18;
Hungary [Europe];2004;Female;159.0;null;;254.0;23;
Niue [Western Pacific];2004;Male;106.0;null;;610.0;33;
Solomon Islands [Western Pacific];2004;Male;78.0;null;;606.0;10;
Algeria [Africa];2004;Both sexes;74.0;null;;373.0;;
Qatar [Eastern Mediterranean];2004;Female;63.0;null;;803.0;35;
Bulgaria [Europe];2004;Both sexes;199.0;null;;349.0;;
Egypt [Eastern Mediterranean];2004;Male;218.0;null;;403.0;14;
Sudan [Eastern Mediterranean];2004;Male;269.0;null;;412.0;;
Turkmenistan [Europe];2004;Female;101.0;null;;290.0;13;
Equatorial Guinea [Africa];2004;Female;118.0;null;;717.0;7;
El Salvador [Americas];2004;Both sexes;152.0;null;;392.0;;
Argentina [Americas];2004;Both sexes;82.0;null;;467.0;;
Antigua and Barbuda [Americas];2004;Female;50.0;null;;924.0;19;
Australia [Western Pacific];2004;Female;107.0;null;;171.0;24;
North Macedonia [Europe];2004;Male;271.0;null;;284.0;18;
Netherlands [Europe];2004;Female;73.0;null;;188.0;18;
Andorra [Europe];2004;Male;150.0;null;;253.0;23;
Singapore [Western Pacific];2004;Both sexes;89.0;null;;563.0;;
Vanuatu [Western Pacific];2004;Male;78.0;null;;686.0;12;
Syrian Arab Republic [Eastern Mediterranean];2004;Both sexes;125.0;null;;470.0;;
Guinea [Africa];2004;Male;172.0;null;;416.0;2;
Jamaica [Americas];2004;Female;76.0;null;;494.0;25;
Bangladesh [South-East Asia];2004;Male;323.0;null;52.25389;320.0;1;
Philippines [Western Pacific];2004;Both sexes;114.0;null;;555.0;;
Tajikistan [Europe];2004;Female;70.0;null;;302.0;9;
Cabo Verde [Africa];2004;Both sexes;79.0;null;;565.0;;
Marshall Islands [Western Pacific];2004;Male;106.0;null;;964.0;39;
Belize [Americas];2004;Male;363.0;null;;581.0;10;
Central African Republic [Africa];2004;Male;195.0;null;;425.0;2;
India [South-East Asia];2004;Male;430.0;null;;319.0;1;
Turkey [Europe];2004;Both sexes;235.0;null;;364.0;;
Georgia [Europe];2004;Female;37.0;null;;240.0;19;
Ecuador [Americas];2004;Both sexes;192.0;null;;580.0;;
Suriname [Americas];2004;Both sexes;168.0;null;;592.0;;
Hungary [Europe];2004;Male;310.0;null;;285.0;22;
Togo [Africa];2004;Female;88.0;null;;601.0;6;
Guinea-Bissau [Africa];2004;Female;96.0;null;;684.0;7;
Angola [Africa];2004;Female;154.0;null;;771.0;6;
Guatemala [Americas];2004;Both sexes;161.0;null;;530.0;;
Trinidad and Tobago [Americas];2004;Female;71.0;null;;1432.0;18;
San Marino [Europe];2004;Male;98.0;null;;214.0;;
Syrian Arab Republic [Eastern Mediterranean];2004;Female;101.0;null;;536.0;23;
United Kingdom of Great Britain and Northern Ireland [Europe];2004;Female;72.0;null;;173.0;;
Brunei Darussalam [Western Pacific];2004;Male;143.0;null;;685.0;7;
Eswatini [Africa];2004;Both sexes;119.0;null;;447.0;;
Indonesia [South-East Asia];2004;Female;554.0;null;;647.0;5;
Algeria [Africa];2004;Female;72.0;null;;418.0;24;
Israel [Europe];2004;Female;48.0;null;;325.0;24;
Argentina [Americas];2004;Female;52.0;null;;513.0;24;
Czechia [Europe];2004;Both sexes;236.0;null;;194.0;;
Bangladesh [South-East Asia];2004;Both sexes;317.0;null;;330.0;;
Nauru [Western Pacific];2004;Female;230.0;null;;1957.0;59;
Timor-Leste [South-East Asia];2004;Female;172.0;null;;410.0;2;
Palau [Western Pacific];2004;Both sexes;110.0;null;;821.0;;
Niger [Africa];2004;Female;109.0;null;;722.0;4;
Chad [Africa];2004;Female;108.0;null;38.28785;679.0;4;
Democratic Republic of the Congo [Africa];2004;Female;152.0;null;;607.0;5;
Afghanistan [Eastern Mediterranean];2004;Female;279.0;null;;371.0;3;
Colombia [Americas];2004;Both sexes;155.0;null;;389.0;;
Russian Federation [Europe];2004;Both sexes;473.0;null;;204.0;;
Djibouti [Eastern Mediterranean];2004;Both sexes;184.0;null;;242.0;;
Fiji [Western Pacific];2004;Male;80.0;null;;786.0;17;
Nicaragua [Americas];2004;Both sexes;130.0;null;;719.0;;
Grenada [Americas];2004;Female;85.0;null;;897.0;20;
Brazil [Americas];2004;Female;85.0;null;;566.0;19;
Solomon Islands [Western Pacific];2004;Female;89.0;null;;531.0;17;
Senegal [Africa];2004;Male;140.0;null;;470.0;2;
Ethiopia [Africa];2004;Female;66.0;null;;578.0;3;
Gabon [Africa];2004;Female;99.0;null;;451.0;14;
Afghanistan [Eastern Mediterranean];2004;Male;545.0;null;;412.0;1;
Iceland [Europe];2004;Male;175.0;null;;97.0;19;
North Macedonia [Europe];2004;Both sexes;163.0;null;;289.0;;
Seychelles [Africa];2004;Female;36.0;null;;724.0;14;
Greece [Europe];2004;Both sexes;136.0;null;;256.0;;
Ghana [Africa];2004;Female;98.0;null;;343.0;9;
Fiji [Western Pacific];2004;Female;60.0;null;;669.0;28;
Samoa [Western Pacific];2004;Both sexes;76.0;null;;649.0;;
Honduras [Americas];2004;Female;80.0;null;;689.0;17;
France [Europe];2004;Both sexes;160.0;null;;184.0;;
Cambodia [Western Pacific];2004;Female;175.0;null;;556.0;2;
Slovakia [Europe];2004;Female;95.0;null;;237.0;18;
Sao Tome and Principe [Africa];2004;Both sexes;150.0;null;;470.0;;
Cambodia [Western Pacific];2004;Male;259.0;null;;398.0;1;
Bosnia and Herzegovina [Europe];2004;Female;52.0;null;;205.0;17;
Gambia [Africa];2004;Both sexes;110.0;null;;537.0;;
Turkey [Europe];2004;Female;142.0;null;;417.0;30;
Samoa [Western Pacific];2004;Male;86.0;null;;640.0;29;
Barbados [Americas];2004;Female;31.0;null;;654.0;25;
Bolivia (Plurinational State of) [Americas];2004;Both sexes;179.0;null;;449.0;;
Lebanon [Eastern Mediterranean];2004;Male;314.0;null;;334.0;20;
Kenya [Africa];2004;Male;146.0;null;;323.0;1;
Pakistan [Eastern Mediterranean];2004;Male;277.0;null;;398.0;3;
Iran (Islamic Republic of) [Eastern Mediterranean];2004;Both sexes;300.0;null;;372.0;;
Eritrea [Africa];2004;Female;62.0;null;;463.0;3;
Albania [Europe];2004;Both sexes;259.0;null;;177.0;;
Estonia [Europe];2004;Both sexes;287.0;null;;280.0;;
Congo [Africa];2004;Male;129.0;null;;323.0;3;
Malaysia [Western Pacific];2004;Female;92.0;null;;669.0;11;
Switzerland [Europe];2004;Female;84.0;null;;181.0;15;
Bolivia (Plurinational State of) [Americas];2004;Male;230.0;null;;435.0;9;
Seychelles [Africa];2004;Male;110.0;null;;798.0;5;
Switzerland [Europe];2004;Both sexes;139.0;null;;181.0;;
Brazil [Americas];2004;Male;239.0;null;;441.0;12;
Andorra [Europe];2004;Female;73.0;null;;222.0;26;
Oman [Eastern Mediterranean];2004;Both sexes;168.0;null;;695.0;;
Canada [Americas];2004;Male;111.0;null;;348.0;24;
Peru [Americas];2004;Female;106.0;null;14.57519;396.0;18;
Uzbekistan [Europe];2004;Both sexes;183.0;null;;369.0;;
Bangladesh [South-East Asia];2004;Female;310.0;null;39.91056;340.0;2;
Kuwait [Eastern Mediterranean];2004;Male;136.0;null;;591.0;26;
Chile [Americas];2004;Male;159.0;null;;343.0;19;
Cook Islands [Western Pacific];2004;Both sexes;114.0;null;;568.0;;
Dominican Republic [Americas];2004;Male;231.0;null;;650.0;11;
Zambia [Africa];2004;Male;155.0;null;;409.0;2;
Papua New Guinea [Western Pacific];2004;Both sexes;253.0;null;;498.0;;
Azerbaijan [Europe];2004;Male;128.0;null;;450.0;10;
Ghana [Africa];2004;Male;108.0;null;;276.0;2;
Argentina [Americas];2004;Male;111.0;null;;417.0;21;
Germany [Europe];2004;Male;135.0;null;;213.0;20;
Mexico [Americas];2004;Male;200.0;null;;869.0;17;
Trinidad and Tobago [Americas];2004;Male;183.0;null;;1436.0;6;
South Africa [Africa];2004;Male;141.0;null;;724.0;8;
Eritrea [Africa];2004;Both sexes;84.0;null;;411.0;;
Malawi [Africa];2004;Male;129.0;null;41.68439;365.0;1;
Nicaragua [Americas];2004;Female;66.0;null;;847.0;19;
Iceland [Europe];2004;Female;92.0;null;;95.0;18;
Costa Rica [Americas];2004;Both sexes;123.0;null;;366.0;;
Tonga [Western Pacific];2004;Male;54.0;null;;562.0;29;
Uruguay [Americas];2004;Both sexes;88.0;null;;458.0;;
Cameroon [Africa];2004;Male;153.0;null;40.60391;406.0;3;
Ghana [Africa];2004;Both sexes;103.0;null;;311.0;;
Rwanda [Africa];2004;Female;89.0;null;;581.0;4;
Israel [Europe];2004;Male;109.0;null;;382.0;20;
Kuwait [Eastern Mediterranean];2004;Both sexes;120.0;null;;634.0;;
Haiti [Americas];2004;Male;234.0;null;;545.0;8;
Central African Republic [Africa];2004;Female;91.0;null;;576.0;6;
Jamaica [Americas];2004;Male;131.0;null;;390.0;9;
Guinea-Bissau [Africa];2004;Both sexes;127.0;null;;606.0;;
Ecuador [Americas];2004;Female;105.0;null;;631.0;18;
Benin [Africa];2004;Both sexes;110.0;null;;557.0;;
San Marino [Europe];2004;Both sexes;61.0;null;;208.0;;
Barbados [Americas];2004;Male;77.0;null;;617.0;10;
Sudan [Eastern Mediterranean];2004;Both sexes;206.0;null;;456.0;;
Panama [Americas];2004;Male;159.0;null;;365.0;11;
Costa Rica [Americas];2004;Male;179.0;null;;332.0;12;
Egypt [Eastern Mediterranean];2004;Female;130.0;null;;422.0;31;
Bhutan [South-East Asia];2004;Male;362.0;null;;287.0;2;
Finland [Europe];2004;Female;146.0;null;;187.0;20;
Guinea-Bissau [Africa];2004;Male;159.0;null;;515.0;2;
Slovakia [Europe];2004;Male;455.0;null;;261.0;16;
Guyana [Americas];2004;Both sexes;184.0;null;;1062.0;;
Thailand [South-East Asia];2004;Both sexes;193.0;null;;535.0;;
Vanuatu [Western Pacific];2004;Female;82.0;null;;600.0;20;
Uzbekistan [Europe];2004;Female;87.0;null;;386.0;11;
Slovenia [Europe];2004;Male;320.0;null;;272.0;15;
Romania [Europe];2004;Male;485.0;null;;263.0;17;
Botswana [Africa];2004;Male;128.0;null;;345.0;4;
Czechia [Europe];2004;Female;161.0;null;;176.0;25;
Antigua and Barbuda [Americas];2004;Male;139.0;null;;810.0;8;
Botswana [Africa];2004;Both sexes;103.0;null;;405.0;;
Colombia [Americas];2004;Female;67.0;null;;406.0;20;
Rwanda [Africa];2004;Male;191.0;null;;424.0;1;
C\u00f4te d'Ivoire [Africa];2004;Male;298.0;null;;588.0;;
Slovenia [Europe];2004;Both sexes;215.0;null;;234.0;;
Slovakia [Europe];2004;Both sexes;273.0;null;;250.0;;
Libya [Eastern Mediterranean];2004;Both sexes;176.0;null;;237.0;;
Belize [Americas];2004;Both sexes;252.0;null;;666.0;;
France [Europe];2004;Female;116.0;null;;182.0;19;
Greece [Europe];2004;Male;207.0;null;;240.0;19;
Sweden [Europe];2004;Female;69.0;null;;203.0;17;
El Salvador [Americas];2004;Female;86.0;null;;440.0;21;
Chile [Americas];2004;Female;51.0;null;;446.0;26;
Spain [Europe];2004;Female;55.0;null;;230.0;23;
Saint Lucia [Americas];2004;Male;113.0;null;;801.0;7;
Mongolia [Western Pacific];2004;Male;547.0;null;;95.0;9;
United States of America [Americas];2004;Male;155.0;null;;374.0;28;
Niger [Africa];2004;Both sexes;159.0;null;;614.0;;
Finland [Europe];2004;Both sexes;266.0;null;;190.0;;
Iraq [Eastern Mediterranean];2004;Female;622.0;null;;398.0;27;
Dominica [Americas];2004;Male;124.0;null;;523.0;13;
Syrian Arab Republic [Eastern Mediterranean];2004;Male;149.0;null;;401.0;12;
Malaysia [Western Pacific];2004;Male;163.0;null;;547.0;6;
Tuvalu [Western Pacific];2004;Female;144.0;null;;805.0;47;
Kiribati [Western Pacific];2004;Female;36.0;null;;1278.0;42;
United Republic of Tanzania [Africa];2004;Both sexes;119.0;null;;505.0;;
Honduras [Americas];2004;Both sexes;101.0;null;;635.0;;
Israel [Europe];2004;Both sexes;79.0;null;;353.0;;
Tuvalu [Western Pacific];2004;Male;106.0;null;;857.0;35;
Congo [Africa];2004;Female;70.0;null;;445.0;8;
Bahrain [Eastern Mediterranean];2004;Female;89.0;null;;898.0;29;
Portugal [Europe];2004;Male;229.0;null;;339.0;15;
Benin [Africa];2004;Male;130.0;null;;451.0;2;
Liberia [Africa];2004;Female;87.0;null;;669.0;8;
Philippines [Western Pacific];2004;Male;141.0;null;;538.0;3;
Andorra [Europe];2004;Both sexes;113.0;null;;238.0;;
Saudi Arabia [Eastern Mediterranean];2004;Both sexes;345.0;null;;717.0;;
Viet Nam [Western Pacific];2004;Male;211.0;null;;237.0;1;
Madagascar [Africa];2004;Both sexes;104.0;null;;463.0;;
Saint Kitts and Nevis [Americas];2004;Male;302.0;null;;524.0;9;
Bosnia and Herzegovina [Europe];2004;Both sexes;135.0;null;;223.0;;
Tuvalu [Western Pacific];2004;Both sexes;125.0;null;;835.0;;
Lao People's Democratic Republic [Western Pacific];2004;Male;432.0;null;;250.0;1;
Suriname [Americas];2004;Male;207.0;null;;650.0;13;
Saint Lucia [Americas];2004;Female;58.0;null;;1023.0;19;
Sudan [Eastern Mediterranean];2004;Female;141.0;null;;496.0;;
Japan [Western Pacific];2004;Male;145.0;null;;198.0;2;
Greece [Europe];2004;Female;62.0;null;;268.0;24;
Egypt [Eastern Mediterranean];2004;Both sexes;174.0;null;;414.0;;
Togo [Africa];2004;Male;139.0;null;;458.0;2;
Malawi [Africa];2004;Female;70.0;null;31.91309;508.0;4;
Cook Islands [Western Pacific];2004;Female;123.0;null;;554.0;52;
Nepal [South-East Asia];2004;Female;252.0;null;;377.0;2;
Cuba [Americas];2004;Both sexes;150.0;null;;599.0;;
Eswatini [Africa];2004;Female;96.0;null;;528.0;17;
Tonga [Western Pacific];2004;Both sexes;62.0;null;;634.0;;
Nigeria [Africa];2004;Female;107.0;null;;692.0;7;
Burundi [Africa];2004;Female;77.0;null;;587.0;4;
Uzbekistan [Europe];2004;Male;280.0;null;;350.0;8;
China [Western Pacific];2004;Female;244.0;null;;260.0;4;
United Republic of Tanzania [Africa];2004;Female;76.0;null;28.63689;585.0;6;
Canada [Americas];2004;Both sexes;85.0;null;;341.0;;
San Marino [Europe];2004;Female;24.0;null;;201.0;;
Mozambique [Africa];2004;Male;148.0;null;;372.0;2;
Indonesia [South-East Asia];2004;Both sexes;455.0;null;;592.0;;
Micronesia (Federated States of) [Western Pacific];2004;Male;73.0;null;;764.0;27;
Yemen [Eastern Mediterranean];2004;Male;611.0;null;;242.0;5;
India [South-East Asia];2004;Both sexes;375.0;null;;305.0;;
Comoros [Africa];2004;Female;63.0;null;;675.0;6;
Republic of Korea [Western Pacific];2004;Both sexes;295.0;null;;465.0;;
Honduras [Americas];2004;Male;148.0;null;;574.0;9;
Chad [Africa];2004;Male;191.0;null;56.50208;507.0;1;
Haiti [Americas];2004;Female;327.0;null;;829.0;15;
Estonia [Europe];2004;Male;435.0;null;;313.0;16;
Mauritius [Africa];2004;Male;101.0;null;;1080.0;4;
Cameroon [Africa];2004;Female;100.0;null;29.58701;564.0;9;
Kuwait [Eastern Mediterranean];2004;Female;92.0;null;;711.0;38;
Timor-Leste [South-East Asia];2004;Both sexes;241.0;null;;418.0;;
Russian Federation [Europe];2004;Male;740.0;null;;166.0;14;
Tonga [Western Pacific];2004;Female;71.0;null;;691.0;45;
Lithuania [Europe];2004;Both sexes;337.0;null;;218.0;;
Sweden [Europe];2004;Both sexes;107.0;null;;204.0;;
Brunei Darussalam [Western Pacific];2004;Female;77.0;null;;716.0;10;
Palau [Western Pacific];2004;Female;115.0;null;;783.0;51;
Democratic People's Republic of Korea [South-East Asia];2004;Male;175.0;null;;359.0;4;
Kiribati [Western Pacific];2004;Both sexes;35.0;null;;1429.0;;
Morocco [Eastern Mediterranean];2004;Female;207.0;null;;195.0;22;
Micronesia (Federated States of) [Western Pacific];2004;Both sexes;70.0;null;;721.0;;
Djibouti [Eastern Mediterranean];2004;Female;86.0;null;;283.0;12;
Mauritius [Africa];2004;Both sexes;62.0;null;;1104.0;;
Venezuela (Bolivarian Republic of) [Americas];2004;Male;213.0;null;;481.0;17;
Algeria [Africa];2004;Male;76.0;null;;322.0;11;
Germany [Europe];2004;Both sexes;103.0;null;;213.0;;
Mali [Africa];2004;Female;103.0;null;;706.0;6;
Norway [Europe];2004;Female;111.0;null;;173.0;20;
Liberia [Africa];2004;Male;180.0;null;;514.0;3;
Republic of Korea [Western Pacific];2004;Male;128.0;null;;533.0;3;
Monaco [Europe];2004;Both sexes;126.0;null;;223.0;;
Colombia [Americas];2004;Male;246.0;null;;367.0;11;
Seychelles [Africa];2004;Both sexes;73.0;null;;767.0;;
Ukraine [Europe];2004;Both sexes;326.0;null;;192.0;;
Malta [Europe];2004;Both sexes;144.0;null;;368.0;;
Mozambique [Africa];2004;Female;78.0;null;;528.0;6;
Romania [Europe];2004;Both sexes;300.0;null;;258.0;;
Burundi [Africa];2004;Male;226.0;null;;468.0;1;
Japan [Western Pacific];2004;Female;69.0;null;;145.0;3;
Palau [Western Pacific];2004;Male;106.0;null;;861.0;41;
Bahamas [Americas];2004;Male;152.0;null;;602.0;18;
Hungary [Europe];2004;Both sexes;232.0;null;;269.0;;
Democratic People's Republic of Korea [South-East Asia];2004;Female;193.0;null;;416.0;6;
Turkmenistan [Europe];2004;Both sexes;210.0;null;;303.0;;
Libya [Eastern Mediterranean];2004;Male;218.0;null;;215.0;16;
Portugal [Europe];2004;Both sexes;154.0;null;;324.0;;
United Republic of Tanzania [Africa];2004;Male;164.0;null;38.84148;410.0;2;
Suriname [Americas];2004;Female;127.0;null;;536.0;27;
Uganda [Africa];2004;Female;88.0;null;;478.0;4;
Belize [Americas];2004;Female;139.0;null;;747.0;22;
Burkina Faso [Africa];2004;Both sexes;143.0;null;;582.0;;
C\u00f4te d'Ivoire [Africa];2004;Female;124.0;null;;686.0;;
Cuba [Americas];2004;Male;174.0;null;;443.0;13;
Somalia [Eastern Mediterranean];2004;Male;404.0;null;;517.0;2;
Nepal [South-East Asia];2004;Both sexes;280.0;null;;364.0;;
Thailand [South-East Asia];2004;Male;207.0;null;;431.0;3;
Lesotho [Africa];2004;Male;86.0;null;48.37541;337.0;2;
Armenia [Europe];2004;Female;81.0;null;;767.0;18;
Sierra Leone [Africa];2004;Male;316.0;null;;641.0;2;
Trinidad and Tobago [Americas];2004;Both sexes;126.0;null;;1435.0;;
Malta [Europe];2004;Female;102.0;null;;379.0;28;
Indonesia [South-East Asia];2004;Male;360.0;null;;533.0;2;
Central African Republic [Africa];2004;Both sexes;141.0;null;;510.0;;
El Salvador [Americas];2004;Male;222.0;null;;336.0;11;
Democratic Republic of the Congo [Africa];2004;Male;85.0;null;;460.0;2;
Tunisia [Eastern Mediterranean];2004;Male;224.0;null;;179.0;12;
Brazil [Americas];2004;Both sexes;161.0;null;;509.0;;
Bahrain [Eastern Mediterranean];2004;Both sexes;110.0;null;;868.0;;
Oman [Eastern Mediterranean];2004;Female;78.0;null;;746.0;22;
Malta [Europe];2004;Male;182.0;null;;354.0;24;
Spain [Europe];2004;Male;160.0;null;;254.0;20;
Iraq [Eastern Mediterranean];2004;Both sexes;1002.0;null;;384.0;;
Norway [Europe];2004;Both sexes;157.0;null;;175.0;;
Burkina Faso [Africa];2004;Female;110.0;null;;661.0;3;
Costa Rica [Americas];2004;Female;66.0;null;;398.0;21;
Sao Tome and Principe [Africa];2004;Female;113.0;null;;576.0;9;
Guinea [Africa];2004;Female;107.0;null;;575.0;6;
Cook Islands [Western Pacific];2004;Male;106.0;null;;578.0;42;
Italy [Europe];2004;Female;88.0;null;;254.0;20;
Pakistan [Eastern Mediterranean];2004;Both sexes;283.0;null;;369.0;;
Burundi [Africa];2004;Both sexes;148.0;null;;541.0;;
Papua New Guinea [Western Pacific];2004;Female;247.0;null;;493.0;17;
Qatar [Eastern Mediterranean];2004;Male;124.0;null;;739.0;25;
Italy [Europe];2004;Both sexes;130.0;null;;276.0;;
Norway [Europe];2004;Male;202.0;null;;178.0;18;
Zimbabwe [Africa];2004;Female;89.0;null;;569.0;16;
Turkmenistan [Europe];2004;Male;320.0;null;;317.0;9;
Mongolia [Western Pacific];2004;Female;135.0;null;;113.0;14;
Guyana [Americas];2004;Female;130.0;null;;1356.0;18;
Somalia [Eastern Mediterranean];2004;Female;429.0;null;;624.0;6;
Uganda [Africa];2004;Male;178.0;null;;387.0;1;
Yemen [Eastern Mediterranean];2004;Both sexes;524.0;null;;290.0;;
Russian Federation [Europe];2004;Female;216.0;null;;230.0;28;
Mali [Africa];2004;Both sexes;143.0;null;;619.0;;
Sao Tome and Principe [Africa];2004;Male;191.0;null;;346.0;3;
Marshall Islands [Western Pacific];2004;Both sexes;122.0;null;;899.0;;
Spain [Europe];2004;Both sexes;109.0;null;;243.0;;
Niue [Western Pacific];2004;Female;139.0;null;;570.0;45;
Saudi Arabia [Eastern Mediterranean];2004;Female;190.0;null;;748.0;32;
Equatorial Guinea [Africa];2004;Both sexes;158.0;null;;651.0;;
Bhutan [South-East Asia];2004;Both sexes;328.0;null;;276.0;;
Philippines [Western Pacific];2004;Female;87.0;null;;568.0;4;
Tunisia [Eastern Mediterranean];2004;Female;129.0;null;;237.0;26;
Namibia [Africa];2004;Both sexes;73.0;null;;322.0;;
Nauru [Western Pacific];2004;Male;137.0;null;;1756.0;52;
Sierra Leone [Africa];2004;Both sexes;218.0;null;;720.0;;
Guyana [Americas];2004;Male;236.0;null;;769.0;7;
Micronesia (Federated States of) [Western Pacific];2004;Female;68.0;null;;686.0;40;
Saint Vincent and the Grenadines [Americas];2004;Male;327.0;null;;1035.0;10;
Cabo Verde [Africa];2004;Male;90.0;null;;454.0;3;
Chad [Africa];2004;Both sexes;149.0;null;;600.0;;
Paraguay [Americas];2004;Both sexes;120.0;null;;642.0;;
Azerbaijan [Europe];2004;Both sexes;86.0;null;;519.0;;
Saint Lucia [Americas];2004;Both sexes;85.0;null;;915.0;;
Nauru [Western Pacific];2004;Both sexes;187.0;null;;1838.0;;
Haiti [Americas];2004;Both sexes;281.0;null;;694.0;;
Malaysia [Western Pacific];2004;Both sexes;128.0;null;;610.0;;
Canada [Americas];2004;Female;58.0;null;;336.0;25;
Lesotho [Africa];2004;Female;50.0;null;41.33965;394.0;17;
Saint Vincent and the Grenadines [Americas];2004;Both sexes;201.0;null;;1301.0;;
Niger [Africa];2004;Male;207.0;null;;520.0;1;
Bahrain [Eastern Mediterranean];2004;Male;124.0;null;;849.0;18;
Croatia [Europe];2004;Male;261.0;null;;185.0;19;
Mauritania [Africa];2004;Female;93.0;null;;556.0;11;
Tajikistan [Europe];2004;Male;149.0;null;;260.0;6;
Brunei Darussalam [Western Pacific];2004;Both sexes;110.0;null;;698.0;;
Albania [Europe];2004;Male;417.0;null;;185.0;14;
Jamaica [Americas];2004;Both sexes;103.0;null;;444.0;;
Netherlands [Europe];2004;Both sexes;90.0;null;;195.0;;
Libya [Eastern Mediterranean];2004;Female;130.0;null;;261.0;30;
Comoros [Africa];2004;Male;85.0;null;;472.0;2;
Dominica [Americas];2004;Female;21.0;null;;724.0;28;
Zimbabwe [Africa];2004;Male;197.0;null;;428.0;2;
Netherlands [Europe];2004;Male;107.0;null;;203.0;15;
Guinea [Africa];2004;Both sexes;140.0;null;;501.0;;
Kyrgyzstan [Europe];2004;Male;513.0;null;;253.0;8;
North Macedonia [Europe];2004;Female;52.0;null;;290.0;20;
Solomon Islands [Western Pacific];2004;Both sexes;83.0;null;;569.0;;
Australia [Western Pacific];2004;Both sexes;175.0;null;;201.0;;
Grenada [Americas];2004;Both sexes;138.0;null;;784.0;;
New Zealand [Western Pacific];2004;Both sexes;170.0;null;;209.0;;
Gambia [Africa];2004;Male;132.0;null;;467.0;2;
Timor-Leste [South-East Asia];2004;Male;308.0;null;;426.0;1;
Ireland [Europe];2004;Both sexes;120.0;null;;146.0;;
Denmark [Europe];2004;Female;98.0;null;;214.0;16;
Sri Lanka [South-East Asia];2004;Male;525.0;null;;478.0;1;
Marshall Islands [Western Pacific];2004;Female;139.0;null;;832.0;50;
Senegal [Africa];2004;Female;93.0;null;;607.0;7;
Benin [Africa];2004;Female;90.0;null;;643.0;8;
Portugal [Europe];2004;Female;79.0;null;;309.0;18;
Singapore [Western Pacific];2004;Male;109.0;null;;559.0;4;
Turkey [Europe];2004;Male;326.0;null;;308.0;16;
C\u00f4te d'Ivoire [Africa];2004;Both sexes;213.0;null;;636.0;;
South Africa [Africa];2004;Female;67.0;null;;928.0;31;
Dominican Republic [Americas];2004;Female;138.0;null;;684.0;23;
Afghanistan [Eastern Mediterranean];2004;Both sexes;417.0;null;;394.0;;
Uruguay [Americas];2004;Female;52.0;null;;535.0;27;
Equatorial Guinea [Africa];2004;Male;199.0;null;;573.0;2;
United States of America [Americas];2004;Both sexes;114.0;null;;374.0;;
Lao People's Democratic Republic [Western Pacific];2004;Both sexes;435.0;null;;259.0;;
South Africa [Africa];2004;Both sexes;104.0;null;;839.0;;
Vanuatu [Western Pacific];2004;Both sexes;80.0;null;;643.0;;
Republic of Moldova [Europe];2004;Male;378.0;null;;218.0;12;
Zambia [Africa];2004;Female;81.0;null;;550.0;6;
Ecuador [Americas];2004;Male;280.0;null;;525.0;9;
Bulgaria [Europe];2004;Female;68.0;null;;342.0;23;
Uganda [Africa];2004;Both sexes;133.0;null;;439.0;;
Belarus [Europe];2004;Female;187.0;null;;340.0;25;
Burkina Faso [Africa];2004;Male;178.0;null;;479.0;1;
Bahamas [Americas];2004;Both sexes;129.0;null;;690.0;;
Botswana [Africa];2004;Female;78.0;null;;454.0;20;
New Zealand [Western Pacific];2004;Female;109.0;null;;211.0;26;
Mali [Africa];2004;Male;189.0;null;;505.0;2;
Georgia [Europe];2004;Male;144.0;null;;211.0;13;
Nicaragua [Americas];2004;Male;195.0;null;;583.0;11;
Comoros [Africa];2004;Both sexes;74.0;null;;580.0;;
Ukraine [Europe];2004;Female;139.0;null;;196.0;25;
Austria [Europe];2004;Both sexes;151.0;null;;261.0;;
United Kingdom of Great Britain and Northern Ireland [Europe];2004;Male;122.0;null;;163.0;;
Lithuania [Europe];2004;Male;553.0;null;;231.0;19;
Viet Nam [Western Pacific];2004;Both sexes;196.0;null;;257.0;;
Angola [Africa];2004;Both sexes;255.0;null;;695.0;;
Iraq [Eastern Mediterranean];2004;Male;1374.0;null;;368.0;14;
Estonia [Europe];2004;Female;147.0;null;;250.0;23;
Mauritania [Africa];2004;Male;142.0;null;;437.0;3;
Eswatini [Africa];2004;Male;144.0;null;;345.0;3;
Somalia [Eastern Mediterranean];2004;Both sexes;417.0;null;;575.0;;
Mozambique [Africa];2004;Both sexes;111.0;null;;459.0;;
Congo [Africa];2004;Both sexes;99.0;null;;391.0;;
Luxembourg [Europe];2004;Female;116.0;null;;169.0;19;
New Zealand [Western Pacific];2004;Male;230.0;null;;208.0;24;
Peru [Americas];2004;Male;166.0;null;20.43906;372.0;10;
Iran (Islamic Republic of) [Eastern Mediterranean];2004;Male;344.0;null;;264.0;11;
Sri Lanka [South-East Asia];2004;Both sexes;649.0;null;;473.0;;
Maldives [South-East Asia];2004;Female;320.0;null;;640.0;5;
Switzerland [Europe];2004;Male;193.0;null;;182.0;18;
Slovenia [Europe];2004;Female;111.0;null;;199.0;19;
Lesotho [Africa];2004;Both sexes;66.0;null;;371.0;;
Italy [Europe];2004;Male;170.0;null;;297.0;17;
Bolivia (Plurinational State of) [Americas];2004;Female;129.0;null;;459.0;18;
Kiribati [Western Pacific];2004;Male;34.0;null;;1571.0;32;
Senegal [Africa];2004;Both sexes;117.0;null;;539.0;;
Maldives [South-East Asia];2004;Both sexes;359.0;null;;554.0;;
Tunisia [Eastern Mediterranean];2004;Both sexes;177.0;null;;209.0;;
Namibia [Africa];2004;Female;47.0;null;;326.0;15;
Namibia [Africa];2004;Male;101.0;null;;317.0;3;
Republic of Moldova [Europe];2004;Female;130.0;null;;232.0;19;
Madagascar [Africa];2004;Male;123.0;null;;378.0;1;
Republic of Moldova [Europe];2004;Both sexes;251.0;null;;227.0;;
Panama [Americas];2004;Female;68.0;null;;463.0;20;
Morocco [Eastern Mediterranean];2004;Male;233.0;null;;201.0;11;
Saint Kitts and Nevis [Americas];2004;Both sexes;164.0;null;;506.0;;
Bahamas [Americas];2004;Female;108.0;null;;769.0;33;
Gabon [Africa];2004;Both sexes;124.0;null;;414.0;;
Lebanon [Eastern Mediterranean];2004;Female;253.0;null;;528.0;30;
Kenya [Africa];2004;Female;75.0;null;;467.0;5;
Bosnia and Herzegovina [Europe];2004;Male;218.0;null;;238.0;13;
Myanmar [South-East Asia];2004;Both sexes;267.0;null;;341.0;;
Sri Lanka [South-East Asia];2004;Female;798.0;null;;468.0;4;
Zambia [Africa];2004;Both sexes;117.0;null;;487.0;;
Djibouti [Eastern Mediterranean];2004;Male;283.0;null;;196.0;5;
Morocco [Eastern Mediterranean];2004;Both sexes;219.0;null;;198.0;;
Saint Vincent and the Grenadines [Americas];2004;Female;73.0;null;;1539.0;22;
Georgia [Europe];2004;Both sexes;90.0;null;;227.0;;
Belgium [Europe];2004;Male;196.0;null;;168.0;19;
United States of America [Americas];2004;Female;71.0;null;;375.0;31;
Armenia [Europe];2004;Male;237.0;null;;669.0;12;
Myanmar [South-East Asia];2004;Male;262.0;null;;346.0;2;
Mexico [Americas];2004;Both sexes;139.0;null;;1004.0;;
Rwanda [Africa];2004;Both sexes;137.0;null;;515.0;;
Tajikistan [Europe];2004;Both sexes;109.0;null;;282.0;;
Luxembourg [Europe];2004;Male;247.0;null;;154.0;19;
Dominican Republic [Americas];2004;Both sexes;184.0;null;;667.0;;
Eritrea [Africa];2004;Male;107.0;null;;335.0;1;
Croatia [Europe];2004;Female;125.0;null;;157.0;23;
Poland [Europe];2004;Male;425.0;null;;262.0;18;
Uruguay [Americas];2004;Male;124.0;null;;369.0;19;
United Arab Emirates [Eastern Mediterranean];2004;Male;142.0;null;;1023.0;19;
Fiji [Western Pacific];2004;Both sexes;70.0;null;;729.0;;
France [Europe];2004;Male;203.0;null;;186.0;18;
Germany [Europe];2004;Female;70.0;null;;211.0;20;
Azerbaijan [Europe];2004;Female;45.0;null;;576.0;16;
Thailand [South-East Asia];2004;Female;180.0;null;;624.0;7;
Luxembourg [Europe];2004;Both sexes;183.0;null;;162.0;;
Oman [Eastern Mediterranean];2004;Male;232.0;null;;673.0;14;
Latvia [Europe];2004;Male;502.0;null;;227.0;17;
Venezuela (Bolivarian Republic of) [Americas];2004;Female;97.0;null;;572.0;23;
Bulgaria [Europe];2004;Male;328.0;null;;356.0;20;
Maldives [South-East Asia];2004;Male;397.0;null;;478.0;2;
Monaco [Europe];2004;Male;165.0;null;;240.0;;
Cuba [Americas];2004;Female;125.0;null;;748.0;26;
Kazakhstan [Europe];2004;Both sexes;299.0;null;;200.0;;
Malawi [Africa];2004;Both sexes;99.0;null;;443.0;;
Ireland [Europe];2004;Female;74.0;null;;144.0;19;
Jordan [Eastern Mediterranean];2004;Male;210.0;null;;410.0;18;
Austria [Europe];2004;Female;85.0;null;;239.0;16;
Saint Kitts and Nevis [Americas];2004;Female;30.0;null;;487.0;22;
Papua New Guinea [Western Pacific];2004;Male;261.0;null;;504.0;10;
Ethiopia [Africa];2004;Male;136.0;null;;402.0;1;
Iceland [Europe];2004;Both sexes;134.0;null;;96.0;;
Angola [Africa];2004;Male;361.0;null;;605.0;2;
Gambia [Africa];2004;Female;89.0;null;;601.0;7;
Romania [Europe];2004;Female;115.0;null;;252.0;19;
Denmark [Europe];2004;Both sexes;134.0;null;;226.0;;
Nepal [South-East Asia];2004;Male;311.0;null;;347.0;1;
Cyprus [Europe];2004;Female;53.0;null;;717.0;19;
Belarus [Europe];2004;Male;672.0;null;;240.0;17;
Lithuania [Europe];2004;Female;138.0;null;;207.0;28;
Cameroon [Africa];2004;Both sexes;127.0;null;;490.0;;
India [South-East Asia];2004;Female;315.0;null;;291.0;3;
Venezuela (Bolivarian Republic of) [Americas];2004;Both sexes;156.0;null;;529.0;;
Pakistan [Eastern Mediterranean];2004;Female;290.0;null;;337.0;6;
Austria [Europe];2004;Male;216.0;null;;284.0;17;
Czechia [Europe];2004;Male;309.0;null;;210.0;22;
China [Western Pacific];2004;Male;379.0;null;;205.0;3;
Samoa [Western Pacific];2004;Female;65.0;null;;665.0;46;
Cyprus [Europe];2004;Male;80.0;null;;322.0;17;
Grenada [Americas];2004;Male;195.0;null;;633.0;8;
Republic of Korea [Western Pacific];2004;Female;212.0;null;;397.0;4;
Saudi Arabia [Eastern Mediterranean];2004;Male;463.0;null;;700.0;22;
Bhutan [South-East Asia];2004;Female;289.0;null;;264.0;4;
Armenia [Europe];2004;Both sexes;157.0;null;;728.0;;
Croatia [Europe];2004;Both sexes;194.0;null;;172.0;;
Democratic People's Republic of Korea [South-East Asia];2004;Both sexes;210.0;null;;394.0;;
Guatemala [Americas];2004;Female;101.0;null;;560.0;17;
Kenya [Africa];2004;Both sexes;110.0;null;;399.0;;
Denmark [Europe];2004;Male;169.0;null;;238.0;18;
Poland [Europe];2004;Both sexes;273.0;null;;251.0;;
China [Western Pacific];2004;Both sexes;314.0;null;;232.0;;
