Country;Year;Sex;Data Source;Age-standardized death rates violence per 100000;Comments;Estimated road traffic death rate (per 100 000 population);Age-standardized death rates prematurity and low birth rate per 100000;Mortality rate attributed to unintentional poisoning (per 100 000 population);Age-standardized NCD mortality rate  (per 100 000 population);Mortality rate among children ages 10 to 14 years (per 1000 children aged 10);
Lebanon [Eastern Mediterranean];2004;Female;null;0.0;null;7.3977;0.2;0.52973;490.5969;;
Indonesia [South-East Asia];2002;null;Not applicable;10.39;null;;;;;;
Czechia [Europe];2002;null;Not applicable;1.22;null;;;;;;
Central African Republic [Africa];2004;Female;null;0.2;null;24.61905;0.9;2.00014;870.5828;;
Austria [Europe];2002;null;Not applicable;0.91;null;;;;;;
United Republic of Tanzania [Africa];2004;Male;null;57.0;null;43.04753;22.4;3.26689;613.3457;;
Kenya [Africa];2004;Male;null;43.6;null;39.41805;20.5;3.85118;685.2862;;
Slovenia [Europe];2004;Female;null;0.0;null;5.83876;0.0;0.4316;364.5331;;
Djibouti [Eastern Mediterranean];2004;Both sexes;null;3.8;null;27.60501;23.0;2.52355;631.6885;7.79525;
Mauritania [Africa];2004;Male;null;28.0;null;30.98353;23.9;1.69419;454.431;;
Jamaica [Americas];2004;Male;null;64.8;null;17.22884;8.3;0.12147;446.0568;;
Malawi [Africa];2004;Male;null;42.9;null;50.48161;19.0;3.5676;896.258;;
Egypt [Eastern Mediterranean];2004;Male;null;2.3;null;15.16608;10.0;0.28338;925.0681;;
Chile [Americas];2004;Both sexes;null;5.3;null;17.83331;2.5;0.37974;439.4175;1.02498;
Lao People's Democratic Republic [Western Pacific];2004;Female;null;0.1;null;8.59325;0.5;0.99232;698.8098;;
Latvia [Europe];2004;Both sexes;null;9.2;null;23.51989;0.9;3.99526;728.3365;1.40232;
Rwanda [Africa];2004;Both sexes;null;34.4;null;36.72593;24.0;4.08608;772.0315;14.82486;
Czechia [Europe];2004;Both sexes;null;1.2;null;13.91677;2.2;0.97895;573.6269;0.76059;
Turkmenistan [Europe];2004;Both sexes;null;9.9;null;17.34917;29.0;1.42043;999.6888;2.74326;
Israel [Europe];2004;Female;null;0.1;null;3.41934;0.1;0.03449;328.9086;;
Democratic Republic of the Congo [Africa];2004;Both sexes;null;45.1;null;36.53988;29.5;2.19845;742.0818;10.61609;
Timor-Leste [South-East Asia];2002;null;Not applicable;22.9;null;;;;;;
Zambia [Africa];2004;Both sexes;null;30.5;null;25.91198;20.6;4.17496;845.261;6.3817;
Malaysia [Western Pacific];2002;null;Not applicable;9.73;null;;;;;;
Papua New Guinea [Western Pacific];2002;null;Not applicable;20.11;null;;;;;;
United Kingdom of Great Britain and Northern Ireland [Europe];2004;Both sexes;null;2.0;null;6.86957;3.5;0.24738;429.4246;0.65621;
Ireland [Europe];2004;Male;null;1.1;null;14.07599;2.0;0.66131;538.7975;;
Palau [Western Pacific];2004;Female;null;0.0;null;;0.0;;;;
Iceland [Europe];2004;Both sexes;null;1.0;null;8.2563;0.9;0.17391;358.8624;0.63712;
Nigeria [Africa];2004;Female;null;5.3;null;17.45819;33.9;2.5739;591.4539;;
Germany [Europe];2004;Both sexes;null;0.7;null;7.47858;2.4;0.1127;428.0685;0.57633;
Lebanon [Eastern Mediterranean];2004;Male;null;4.4;null;27.36737;12.9;0.74078;624.4286;;
Kuwait [Eastern Mediterranean];2004;Female;null;0.0;null;10.49312;0.1;0.30425;357.6947;;
Colombia [Americas];2002;null;Not applicable;73.07;null;;;;;;
Tajikistan [Europe];2004;Male;null;4.1;null;29.72116;27.2;1.81805;896.9153;;
Netherlands [Europe];2002;null;Not applicable;1.1;null;;;;;;
Singapore [Western Pacific];2002;null;Not applicable;0.82;null;;;;;;
Latvia [Europe];2002;null;Not applicable;11.84;null;;;;;;
Norway [Europe];2002;null;Not applicable;1.12;null;;;;;;
San Marino [Europe];2004;Female;null;0.0;null;;;;;;
Congo [Africa];2002;null;Not applicable;20.57;null;;;;;;
Saint Kitts and Nevis [Americas];2002;null;Not applicable;12.08;null;;;;;;
New Zealand [Western Pacific];2004;Male;null;1.9;null;15.49139;2.9;0.4636;488.4253;;
Vanuatu [Western Pacific];2004;Male;null;1.8;null;21.14815;4.0;1.35546;1155.412;;
Slovakia [Europe];2004;Male;null;2.5;null;23.39766;4.7;1.52395;841.1032;;
Saint Lucia [Americas];2004;Male;null;39.6;null;32.60878;10.8;0.29592;659.0986;;
Costa Rica [Americas];2004;Male;null;11.3;null;25.45813;4.0;0.15528;457.6619;;
Micronesia (Federated States of) [Western Pacific];2004;Both sexes;null;0.8;null;4.68938;;1.10991;1139.571;3.03072;
France [Europe];2002;null;Not applicable;0.65;null;;;;;;
Austria [Europe];2004;Male;null;0.7;null;17.05501;4.5;0.15149;528.2993;;
Congo [Africa];2004;Female;null;0.1;null;20.90307;0.6;1.7121;809.288;;
Tunisia [Eastern Mediterranean];2002;null;Not applicable;2.3;null;;;;;;
Estonia [Europe];2004;Male;null;13.6;null;22.36756;3.4;2.76549;952.2561;;
Benin [Africa];2004;Both sexes;null;15.8;null;27.96128;22.3;3.09683;702.1298;10.27046;
Trinidad and Tobago [Americas];2004;Male;null;19.1;null;27.97285;13.5;0.18032;858.1209;;
Eswatini [Africa];2004;Male;null;40.6;null;49.2178;28.8;5.30182;1476.643;;
Madagascar [Africa];2002;null;Not applicable;12.29;null;;;;;;
Andorra [Europe];2004;Both sexes;null;0.7;null;;0.9;;;0.80516;
Thailand [South-East Asia];2004;Both sexes;null;6.7;null;38.85907;7.4;0.35293;446.7335;3.47522;
Cook Islands [Western Pacific];2004;Female;null;0.0;null;;0.0;;;;
Ethiopia [Africa];2004;Female;null;2.6;null;16.33695;10.4;3.79743;613.9047;;
Guinea [Africa];2004;Male;null;32.4;null;39.58473;26.8;3.62086;678.9159;;
Morocco [Eastern Mediterranean];2004;Both sexes;null;1.2;null;23.76209;12.3;1.06345;646.4813;1.99838;
Bahrain [Eastern Mediterranean];2002;null;Not applicable;0.9;null;;;;;;
Dominica [Americas];2004;Male;null;16.2;null;;9.7;;;;
Burkina Faso [Africa];2004;Female;null;0.5;null;21.08534;2.2;2.66908;617.8084;;
New Zealand [Western Pacific];2002;null;Not applicable;1.28;null;;;;;;
South Africa [Africa];2002;null;Not applicable;45.61;null;;;;;;
Viet Nam [Western Pacific];2004;Male;null;6.8;null;39.72448;9.7;1.90387;788.7014;;
Haiti [Americas];2002;null;Not applicable;14.56;null;;;;;;
Mali [Africa];2002;null;Not applicable;16.92;null;;;;;;
Belarus [Europe];2004;Female;null;0.3;null;10.82815;0.0;2.97925;624.4734;;
Chile [Americas];2004;Male;null;9.7;null;29.59168;3.0;0.38466;547.7591;;
Sudan [Eastern Mediterranean];2004;Both sexes;null;31.0;null;25.65351;26.3;2.18737;662.9541;5.16167;
Eswatini [Africa];2002;null;Not applicable;6.76;null;;;;;;
Jamaica [Americas];2004;Both sexes;null;37.7;null;12.3907;8.0;0.10799;414.2825;1.88901;
Russian Federation [Europe];2004;Male;null;43.3;null;46.88876;4.4;14.83082;1355.925;;
United Republic of Tanzania [Africa];2004;Female;null;1.6;null;17.26458;6.7;2.43828;499.1983;;
Sri Lanka [South-East Asia];2004;Male;null;12.1;null;24.16814;8.4;1.06603;688.1807;;
Chad [Africa];2002;null;Not applicable;15.0;null;;;;;;
Dominican Republic [Americas];2004;Female;null;0.2;null;13.39092;0.8;0.24768;375.2091;;
Yemen [Eastern Mediterranean];2004;Female;null;0.1;null;15.4861;4.5;1.85939;684.3959;;
Uganda [Africa];2004;Both sexes;null;33.1;null;32.43318;15.9;3.09089;754.3711;7.79406;
Barbados [Americas];2004;Male;null;24.5;null;30.71482;7.7;0.0232;560.3081;;
Solomon Islands [Western Pacific];2004;Female;null;0.0;null;8.80996;0.1;0.08339;623.573;;
Bahamas [Americas];2004;Female;null;0.0;null;7.15708;0.0;0.12979;486.7907;;
Qatar [Eastern Mediterranean];2004;Female;null;0.0;null;8.15187;0.0;0.07416;870.6725;;
Uzbekistan [Europe];2004;Both sexes;null;4.0;null;12.83093;21.4;1.12593;881.7629;1.99245;
Republic of Korea [Western Pacific];2004;Female;null;0.5;null;9.44037;0.4;0.28925;321.2784;;
Eritrea [Africa];2004;Male;null;34.6;null;50.16723;13.3;5.65592;947.3319;;
Kyrgyzstan [Europe];2002;null;Not applicable;10.34;null;;;;;;
Mali [Africa];2004;Female;null;0.4;null;19.63004;3.3;3.36258;688.7063;;
Trinidad and Tobago [Americas];2002;null;Not applicable;8.64;null;;;;;;
Japan [Western Pacific];2004;Both sexes;null;0.5;null;10.08547;0.4;0.37771;280.7143;0.50076;
El Salvador [Americas];2004;Female;null;0.3;null;13.90174;0.3;0.04216;352.4965;;
Afghanistan [Eastern Mediterranean];2004;Both sexes;null;3.8;null;15.19411;25.1;2.43996;1038.197;4.47444;
Dominica [Americas];2004;Female;null;0.0;null;;0.0;;;;
Maldives [South-East Asia];2004;Both sexes;null;2.3;null;1.60635;18.8;0.07884;614.0586;3.24575;
Finland [Europe];2004;Male;null;3.6;null;10.67096;1.7;1.3912;546.3081;;
Canada [Americas];2002;null;Not applicable;1.45;null;;;;;;
Uzbekistan [Europe];2004;Male;null;6.0;null;20.1855;25.2;1.60875;1008.427;;
Brunei Darussalam [Western Pacific];2004;Both sexes;null;0.9;null;12.51968;4.6;0.27161;694.11;1.29071;
United Republic of Tanzania [Africa];2004;Both sexes;null;33.3;null;30.09382;20.1;2.85058;547.1433;5.19185;
Jamaica [Americas];2002;null;Not applicable;0.54;null;;;;;;
Kenya [Africa];2004;Both sexes;null;26.3;null;25.8985;18.5;2.72344;587.5858;5.56263;
El Salvador [Americas];2004;Male;null;75.7;null;59.33303;9.3;0.57335;507.8493;;
Togo [Africa];2002;null;Not applicable;12.79;null;;;;;;
Djibouti [Eastern Mediterranean];2004;Female;null;0.0;null;16.38544;0.1;1.96529;561.5557;;
Jamaica [Americas];2004;Female;null;0.2;null;7.63585;0.1;0.09474;386.6529;;
Lao People's Democratic Republic [Western Pacific];2004;Both sexes;null;7.1;null;13.84621;13.5;1.1689;783.8885;7.82759;
Timor-Leste [South-East Asia];2004;Male;null;28.2;null;19.83344;15.4;0.81665;571.368;;
Myanmar [South-East Asia];2004;Female;null;1.1;null;11.73143;5.6;3.49763;737.67;;
Cuba [Americas];2004;Male;null;8.8;null;17.96453;1.1;0.40315;510.8703;;
Nepal [South-East Asia];2002;null;Not applicable;18.82;null;;;;;;
Romania [Europe];2004;Male;null;4.1;null;18.74118;3.5;5.32082;903.5004;;
Sri Lanka [South-East Asia];2004;Both sexes;null;6.8;null;14.6953;7.1;0.82943;564.2751;8.29807;
Solomon Islands [Western Pacific];2004;Both sexes;null;1.2;null;18.31954;17.3;1.90934;796.1553;2.68419;
Oman [Eastern Mediterranean];2004;Both sexes;null;2.0;null;26.86541;3.4;1.32332;802.0792;1.49242;
Denmark [Europe];2004;Both sexes;null;0.9;null;7.03345;2.4;0.2658;477.5243;0.59525;
Nigeria [Africa];2004;Both sexes;null;21.4;null;27.63811;25.3;3.21372;632.5731;9.75168;
Czechia [Europe];2004;Female;null;0.0;null;7.18276;0.1;0.34448;452.7232;;
Bulgaria [Europe];2004;Female;null;0.1;null;5.77858;0.1;0.46125;586.0806;;
Namibia [Africa];2004;Male;null;26.6;null;35.81493;15.9;2.81055;993.1878;;
Paraguay [Americas];2004;Both sexes;null;19.1;null;12.07562;8.8;0.27681;440.9236;2.70615;
Liberia [Africa];2004;Both sexes;null;21.5;null;37.3377;44.3;2.599;563.2081;10.19193;
Myanmar [South-East Asia];2004;Both sexes;null;16.3;null;19.71811;27.8;3.02241;823.9167;5.4025;
Kenya [Africa];2004;Female;null;1.4;null;12.58564;5.3;1.61294;514.6902;;
Switzerland [Europe];2002;null;Not applicable;0.91;null;;;;;;
Lao People's Democratic Republic [Western Pacific];2002;null;Not applicable;7.69;null;;;;;;
Luxembourg [Europe];2002;null;Not applicable;1.84;null;;;;;;
Tajikistan [Europe];2004;Both sexes;null;3.3;null;19.07723;26.4;1.348;834.1482;1.57558;
Comoros [Africa];2004;Both sexes;null;11.3;null;26.95779;19.8;2.8521;631.1379;3.59916;
Democratic People's Republic of Korea [South-East Asia];2002;null;Not applicable;19.38;null;;;;;;
Lesotho [Africa];2002;null;Not applicable;8.59;null;;;;;;
Japan [Western Pacific];2002;null;Not applicable;0.58;null;;;;;;
Slovakia [Europe];2004;Female;null;0.0;null;6.02914;0.1;0.39558;493.1175;;
Philippines [Western Pacific];2004;Female;null;1.5;null;5.00834;5.4;0.16672;548.105;;
Palau [Western Pacific];2004;Both sexes;null;0.8;null;;2.8;;;2.50026;
Brunei Darussalam [Western Pacific];2004;Male;null;1.2;null;18.29818;5.3;0.40005;730.4418;;
Viet Nam [Western Pacific];2002;null;Not applicable;4.88;null;;;;;;
Algeria [Africa];2004;Male;null;13.8;null;30.74035;17.5;1.29219;584.7707;;
Dominica [Americas];2004;Both sexes;null;9.8;null;;11.4;;;1.80622;
Tunisia [Eastern Mediterranean];2004;Both sexes;null;1.7;null;23.42781;8.5;0.86229;524.6876;1.91343;
Canada [Americas];2004;Female;null;0.1;null;5.36057;0.2;0.22385;311.1098;;
Solomon Islands [Western Pacific];2004;Male;null;1.7;null;27.39856;18.6;3.65262;963.5613;;
Cyprus [Europe];2002;null;Not applicable;0.22;null;;;;;;
Niger [Africa];2004;Female;null;0.4;null;20.10356;2.4;3.06691;601.6859;;
Bhutan [South-East Asia];2002;null;Not applicable;6.31;null;;;;;;
North Macedonia [Europe];2004;Male;null;8.5;null;12.37874;12.8;0.96296;1010.935;;
Guinea-Bissau [Africa];2004;Male;null;35.7;null;41.52961;28.8;3.78743;975.3253;;
Singapore [Western Pacific];2004;Female;null;0.0;null;2.61496;0.0;0.01887;268.438;;
Brunei Darussalam [Western Pacific];2004;Female;null;0.0;null;6.52581;0.0;0.1384;658.1461;;
Antigua and Barbuda [Americas];2002;null;Not applicable;10.83;null;;;;;;
New Zealand [Western Pacific];2004;Both sexes;null;1.4;null;11.19982;2.5;0.28569;412.0285;0.89136;
Liberia [Africa];2004;Male;null;37.2;null;48.82778;49.3;3.1083;541.8759;;
Panama [Americas];2004;Female;null;0.0;null;4.46834;0.2;0.31247;332.1961;;
C\u00f4te d'Ivoire [Africa];2002;null;Not applicable;33.18;null;;;;;;
Libya [Eastern Mediterranean];2004;Both sexes;null;3.2;null;21.22531;7.5;0.95687;465.0095;1.47719;
Armenia [Europe];2002;null;Not applicable;3.56;null;;;;;;
Germany [Europe];2004;Male;null;0.7;null;11.12507;2.7;0.15746;537.2261;;
Tuvalu [Western Pacific];2002;null;Not applicable;2.15;null;;;;;;
United States of America [Americas];2004;Female;null;3.9;null;9.92901;3.1;0.26885;379.3303;;
Colombia [Americas];2004;Male;null;155.7;null;28.01129;11.1;0.23991;443.2568;;
Costa Rica [Americas];2004;Female;null;0.0;null;5.25127;0.1;0.10524;329.2807;;
Iraq [Eastern Mediterranean];2002;null;Not applicable;4.06;null;;;;;;
Liberia [Africa];2002;null;Not applicable;41.55;null;;;;;;
Mozambique [Africa];2004;Male;null;43.8;null;49.5206;20.4;5.48088;972.416;;
Palau [Western Pacific];2002;null;Not applicable;0.96;null;;;;;;
Spain [Europe];2002;null;Not applicable;0.91;null;;;;;;
Benin [Africa];2004;Female;null;0.2;null;16.99136;1.8;2.1794;612.1598;;
San Marino [Europe];2004;Male;null;0.0;null;;;;;;
Ireland [Europe];2004;Both sexes;null;0.7;null;9.58569;1.9;0.49491;435.2672;0.68961;
Norway [Europe];2004;Male;null;1.1;null;9.12222;0.2;0.60288;481.4086;;
Belize [Americas];2004;Male;null;51.0;null;37.84583;19.7;0.81517;569.2002;;
Bangladesh [South-East Asia];2004;Male;null;13.8;null;24.87487;22.1;0.28276;672.8146;;
Bangladesh [South-East Asia];2004;Both sexes;null;9.7;null;16.35782;20.9;0.25418;603.0115;4.14671;
Bangladesh [South-East Asia];2002;null;Not applicable;9.86;null;;;;;;
Iraq [Eastern Mediterranean];2004;Male;null;15.2;null;28.92388;38.0;0.41073;752.9287;;
Bahamas [Americas];2002;null;Not applicable;20.97;null;;;;;;
Honduras [Americas];2002;null;Not applicable;16.23;null;;;;;;
Bosnia and Herzegovina [Europe];2002;null;Not applicable;1.89;null;;;;;;
Fiji [Western Pacific];2004;Both sexes;null;0.7;null;13.08286;3.5;0.34933;986.7127;3.26999;
Kyrgyzstan [Europe];2004;Both sexes;null;9.8;null;18.71405;21.5;2.06065;829.5752;1.90118;
Bhutan [South-East Asia];2004;Female;null;0.0;null;8.48353;0.0;0.38422;570.1901;;
Kiribati [Western Pacific];2004;Male;null;13.1;null;31.68368;;2.92104;1675.799;;
Liberia [Africa];2004;Female;null;0.1;null;25.8598;1.4;2.09024;581.803;;
Germany [Europe];2002;null;Not applicable;0.71;null;;;;;;
Suriname [Americas];2004;Male;null;22.3;null;46.59038;16.8;0.39785;745.3601;;
Lithuania [Europe];2004;Male;null;12.2;null;39.37495;2.1;10.07886;902.5361;;
Latvia [Europe];2004;Female;null;0.1;null;11.99932;0.0;2.34617;545.2987;;
Malta [Europe];2004;Female;null;0.0;null;1.21708;0.0;0.00145;356.0269;;
Lesotho [Africa];2004;Male;null;28.9;null;44.49992;14.8;3.68256;1131.647;;
Cabo Verde [Africa];2002;null;Not applicable;2.31;null;;;;;;
Cuba [Americas];2004;Both sexes;null;5.6;null;11.43074;1.0;0.28652;442.6365;1.21266;
Bangladesh [South-East Asia];2004;Female;null;3.2;null;7.39371;20.4;0.2241;526.7609;;
Bulgaria [Europe];2004;Male;null;4.2;null;19.61466;4.5;1.4525;934.0126;;
Bahrain [Eastern Mediterranean];2004;Male;null;1.3;null;22.00928;2.8;0.30684;900.5916;;
Austria [Europe];2004;Both sexes;null;0.7;null;11.01401;4.0;0.13764;417.2603;0.61225;
Timor-Leste [South-East Asia];2004;Female;null;0.0;null;10.73631;0.1;0.52575;554.1776;;
Tunisia [Eastern Mediterranean];2004;Female;null;0.0;null;13.76139;0.3;0.64851;447.2053;;
North Macedonia [Europe];2002;null;Not applicable;2.86;null;;;;;;
Madagascar [Africa];2004;Female;null;0.5;null;18.25361;4.3;2.92422;708.9144;;
Democratic People's Republic of Korea [South-East Asia];2004;Both sexes;null;18.6;null;22.73761;14.1;1.27229;640.4826;3.01372;
Peru [Americas];2002;null;Not applicable;4.03;null;;;;;;
France [Europe];2004;Male;null;0.9;null;13.72531;0.9;0.51646;486.5921;;
Poland [Europe];2004;Both sexes;null;1.4;null;16.89082;3.3;1.13785;590.8958;0.91946;
Portugal [Europe];2004;Female;null;0.0;null;8.40657;0.1;0.24086;334.1622;;
Iraq [Eastern Mediterranean];2004;Both sexes;null;8.5;null;21.05736;35.6;0.4163;670.1746;3.2858;
Libya [Eastern Mediterranean];2002;null;Not applicable;2.77;null;;;;;;
Argentina [Americas];2004;Male;null;12.1;null;16.84919;8.7;0.76153;676.3824;;
Spain [Europe];2004;Female;null;0.2;null;5.32613;0.1;0.26546;281.4862;;
Nicaragua [Americas];2004;Both sexes;null;17.6;null;15.86228;9.9;0.38081;559.6349;2.93677;
Ethiopia [Africa];2004;Male;null;43.8;null;33.34996;17.6;9.04959;695.6158;;
Papua New Guinea [Western Pacific];2004;Both sexes;null;19.1;null;17.65869;15.6;1.31076;811.8264;4.77936;
Iran (Islamic Republic of) [Eastern Mediterranean];2004;Male;null;4.4;null;58.58875;15.5;2.06616;597.243;;
Brazil [Americas];2004;Female;null;4.8;null;8.43558;9.4;0.05868;451.8161;;
Kenya [Africa];2002;null;Not applicable;18.18;null;;;;;;
Italy [Europe];2002;null;Not applicable;1.02;null;;;;;;
Argentina [Americas];2004;Female;null;0.4;null;4.71731;1.4;0.38539;402.8935;;
Algeria [Africa];2002;null;Not applicable;13.1;null;;;;;;
Luxembourg [Europe];2004;Female;null;0.0;null;7.27249;0.0;0.68101;329.8018;;
Indonesia [South-East Asia];2004;Female;null;4.0;null;6.90901;12.0;0.18447;645.2013;;
Bulgaria [Europe];2004;Both sexes;null;2.7;null;12.5119;4.0;0.94364;742.0862;1.42658;
Sao Tome and Principe [Africa];2004;Female;null;0.0;null;14.43588;;0.15901;573.7995;;
Zimbabwe [Africa];2002;null;Not applicable;13.59;null;;;;;;
Vanuatu [Western Pacific];2002;null;Not applicable;1.09;null;;;;;;
Lesotho [Africa];2004;Both sexes;null;16.2;null;27.19549;14.4;2.95597;923.0782;5.86882;
Democratic Republic of the Congo [Africa];2004;Male;null;22.8;null;46.9591;32.7;3.22103;846.3708;;
Albania [Europe];2002;null;Not applicable;5.97;null;;;;;;
Zambia [Africa];2004;Female;null;0.5;null;14.64108;2.0;3.2428;727.2831;;
Syrian Arab Republic [Eastern Mediterranean];2004;Both sexes;null;3.0;null;21.83665;3.9;0.44362;665.4338;1.93352;
China [Western Pacific];2004;Female;null;8.2;null;10.69103;63.2;1.67487;545.1297;;
Trinidad and Tobago [Americas];2004;Both sexes;null;12.9;null;17.90538;10.4;0.12876;693.865;1.81111;
Marshall Islands [Western Pacific];2002;null;Not applicable;1.79;null;;;;;;
Japan [Western Pacific];2004;Male;null;0.5;null;14.07841;0.4;0.60049;381.0468;;
Paraguay [Americas];2002;null;Not applicable;20.07;null;;;;;;
Belgium [Europe];2004;Female;null;0.1;null;5.0625;0.0;0.58675;322.3407;;
Zimbabwe [Africa];2004;Male;null;63.5;null;61.08033;26.1;3.09696;729.4711;;
Denmark [Europe];2004;Male;null;1.2;null;10.11787;2.9;0.33733;584.254;;
Madagascar [Africa];2004;Both sexes;null;14.6;null;26.40567;26.1;3.364;750.8274;9.76713;
Bolivia (Plurinational State of) [Americas];2004;Female;null;0.1;null;9.46104;1.0;0.81129;584.0453;;
Timor-Leste [South-East Asia];2004;Both sexes;null;16.3;null;15.33097;13.6;0.67267;562.4181;5.71799;
Gabon [Africa];2004;Male;null;29.3;null;34.26464;26.1;2.13966;816.8395;;
Turkey [Europe];2004;Both sexes;null;2.9;null;6.81083;11.5;0.54372;481.9291;2.33885;
Honduras [Americas];2004;Male;null;46.7;null;20.3143;11.2;0.81861;518.1331;;
Costa Rica [Americas];2004;Both sexes;null;6.7;null;15.38405;3.8;0.13033;387.8628;1.24136;
Guatemala [Americas];2004;Both sexes;null;51.3;null;4.95432;10.0;1.49009;528.1763;2.71419;
Nicaragua [Americas];2002;null;Not applicable;13.72;null;;;;;;
Mauritius [Africa];2004;Both sexes;null;2.6;null;15.38249;6.4;0.33522;711.9571;1.38431;
Saudi Arabia [Eastern Mediterranean];2004;Male;null;4.0;null;32.06968;8.1;0.91443;736.6288;;
Guinea-Bissau [Africa];2002;null;Not applicable;15.78;null;;;;;;
Denmark [Europe];2004;Female;null;0.0;null;4.00797;0.0;0.19563;395.2838;;
Sao Tome and Principe [Africa];2002;null;Not applicable;5.34;null;;;;;;
Portugal [Europe];2002;null;Not applicable;1.31;null;;;;;;
Namibia [Africa];2004;Both sexes;null;15.8;null;22.01565;14.2;2.21431;774.1565;6.31984;
Rwanda [Africa];2004;Male;null;61.2;null;50.65191;25.1;4.94613;893.8636;;
Equatorial Guinea [Africa];2002;null;Not applicable;15.9;null;;;;;;
Sudan [Eastern Mediterranean];2002;null;Not applicable;33.08;null;;;;;;
Uruguay [Americas];2004;Male;null;7.4;null;22.07022;4.1;0.61837;700.352;;
Saint Vincent and the Grenadines [Americas];2004;Male;null;29.5;null;10.04222;12.5;0.04317;718.4427;;
San Marino [Europe];2002;null;Not applicable;0.0;null;;;;;;
Netherlands [Europe];2004;Male;null;1.7;null;7.99651;1.6;0.14453;529.1248;;
Togo [Africa];2004;Both sexes;null;16.7;null;31.04213;24.9;2.50319;746.8979;6.94984;
India [South-East Asia];2002;null;Not applicable;6.58;null;;;;;;
The former state union Serbia and Montenegro;2002;null;Not applicable;1.64;null;;;;;;
Canada [Americas];2004;Male;null;2.0;null;12.59281;1.8;0.49116;459.4023;;
Thailand [South-East Asia];2002;null;Not applicable;9.09;null;;;;;;
Uganda [Africa];2002;null;Not applicable;27.86;null;;;;;;
Hungary [Europe];2004;Female;null;0.1;null;7.00783;0.1;0.52577;526.1861;;
Eritrea [Africa];2004;Female;null;0.1;null;16.97977;0.5;2.56739;660.7241;;
Burundi [Africa];2004;Female;null;0.3;null;18.21865;1.6;1.83369;769.5877;;
Equatorial Guinea [Africa];2004;Both sexes;null;28.3;null;19.75339;32.7;2.18978;668.6875;10.0867;
Slovakia [Europe];2002;null;Not applicable;2.07;null;;;;;;
Italy [Europe];2004;Both sexes;null;0.9;null;10.89245;1.4;0.31526;370.8179;0.61979;
Haiti [Americas];2004;Male;null;12.0;null;25.5399;16.7;1.67798;836.0435;;
Turkey [Europe];2004;Female;null;0.4;null;3.94842;4.0;0.47929;380.3605;;
Russian Federation [Europe];2004;Female;null;10.1;null;15.10987;1.3;3.82872;706.2465;;
Somalia [Eastern Mediterranean];2004;Both sexes;null;1.9;null;27.67947;23.7;4.88017;817.9054;12.95242;
Gabon [Africa];2004;Both sexes;null;18.7;null;25.10155;22.6;1.65775;720.8522;8.96294;
Equatorial Guinea [Africa];2004;Male;null;46.4;null;23.24278;36.4;2.6352;718.3382;;
Nauru [Western Pacific];2004;Female;null;0.0;null;;;;;;
Hungary [Europe];2004;Male;null;2.4;null;24.1741;5.9;1.64154;930.7477;;
Latvia [Europe];2004;Male;null;12.5;null;37.11634;1.1;5.9415;1028.982;;
Seychelles [Africa];2002;null;Not applicable;3.49;null;;;;;;
Papua New Guinea [Western Pacific];2004;Male;null;32.2;null;26.36715;16.9;2.2211;954.9058;;
Mexico [Americas];2002;null;Not applicable;11.08;null;;;;;;
Kazakhstan [Europe];2004;Female;null;0.7;null;12.41466;1.5;2.40691;756.3804;;
Guinea [Africa];2004;Female;null;0.3;null;22.36071;1.9;2.0574;611.7459;;
Marshall Islands [Western Pacific];2004;Female;null;0.0;null;;0.0;;;;
Fiji [Western Pacific];2004;Female;null;0.0;null;7.24524;0.0;0.27019;823.7899;;
Philippines [Western Pacific];2002;null;Not applicable;24.88;null;;;;;;
Palau [Western Pacific];2004;Male;null;1.5;null;;1.8;;;;
Iceland [Europe];2004;Male;null;1.2;null;11.60461;0.9;0.34713;425.1955;;
Qatar [Eastern Mediterranean];2002;null;Not applicable;1.41;null;;;;;;
Kyrgyzstan [Europe];2004;Female;null;0.1;null;9.01711;0.5;1.23371;680.6362;;
United States of America [Americas];2004;Both sexes;null;6.2;null;15.78819;3.1;0.36836;446.4185;0.91046;
Peru [Americas];2004;Female;null;0.2;null;8.85896;1.0;0.48534;332.3371;;
Belgium [Europe];2004;Male;null;1.8;null;18.04865;1.1;0.56763;522.6406;;
Angola [Africa];2004;Both sexes;null;48.2;null;25.87048;32.0;3.71244;767.2207;13.02919;
Brunei Darussalam [Western Pacific];2002;null;Not applicable;1.2;null;;;;;;
Djibouti [Eastern Mediterranean];2002;null;Not applicable;4.09;null;;;;;;
Niger [Africa];2002;null;Not applicable;19.05;null;;;;;;
Cabo Verde [Africa];2004;Female;null;0.0;null;10.48447;0.0;0.26604;374.6318;;
Singapore [Western Pacific];2004;Both sexes;null;1.2;null;6.2482;1.1;0.0289;329.1087;0.66956;
Argentina [Americas];2004;Both sexes;null;6.8;null;10.61001;8.0;0.56809;518.0276;1.46763;
Malta [Europe];2002;null;Not applicable;1.58;null;;;;;;
Sierra Leone [Africa];2004;Female;null;0.3;null;22.88705;1.6;2.55222;628.7023;;
Uzbekistan [Europe];2004;Female;null;0.2;null;5.56797;2.7;0.64912;773.3813;;
Nepal [South-East Asia];2004;Male;null;28.5;null;21.74637;13.4;2.44715;496.7664;;
Peru [Americas];2004;Male;null;5.6;null;21.89157;7.4;0.6625;361.2138;;
Seychelles [Africa];2004;Female;null;0.0;null;3.6216;0.0;0.62282;490.2285;;
Samoa [Western Pacific];2004;Female;null;0.0;null;8.98502;0.0;0.26071;727.8103;;
Mexico [Americas];2004;Female;null;1.3;null;6.40305;4.5;0.44212;407.6107;;
Botswana [Africa];2004;Male;null;38.9;null;47.66716;35.3;3.24565;1241.804;;
Haiti [Americas];2004;Both sexes;null;6.8;null;18.89007;16.5;1.29015;897.942;8.36139;
Papua New Guinea [Western Pacific];2004;Female;null;0.1;null;8.64752;0.7;0.36878;695.6549;;
Bahrain [Eastern Mediterranean];2004;Female;null;0.0;null;6.37216;0.0;0.09953;796.6621;;
Saint Lucia [Americas];2004;Female;null;0.0;null;8.64223;0.0;0.10719;446.6884;;
Guatemala [Americas];2004;Male;null;96.4;null;8.23115;10.0;2.14791;616.5108;;
C\u00f4te d'Ivoire [Africa];2004;Female;null;1.4;null;14.21644;5.4;1.47037;587.6963;;
Cook Islands [Western Pacific];2002;null;Not applicable;0.96;null;;;;;;
Lithuania [Europe];2002;null;Not applicable;9.75;null;;;;;;
Slovenia [Europe];2002;null;Not applicable;0.72;null;;;;;;
Namibia [Africa];2004;Female;null;0.0;null;9.16138;0.2;1.6589;618.6569;;
Venezuela (Bolivarian Republic of) [Americas];2004;Both sexes;null;38.2;null;28.18831;7.7;0.25815;445.6473;2.21638;
Sierra Leone [Africa];2004;Both sexes;null;39.8;null;31.24773;34.7;3.39872;667.0498;10.9734;
Bosnia and Herzegovina [Europe];2004;Male;null;2.9;null;27.61249;2.6;0.57042;725.8683;;
Mexico [Americas];2004;Both sexes;null;9.9;null;14.95384;9.0;0.72439;465.631;1.62937;
Republic of Korea [Western Pacific];2002;null;Not applicable;1.74;null;;;;;;
Venezuela (Bolivarian Republic of) [Americas];2002;null;Not applicable;34.94;null;;;;;;
Burundi [Africa];2004;Both sexes;null;44.8;null;29.7097;21.8;2.55137;825.1021;17.23415;
Australia [Western Pacific];2004;Male;null;1.8;null;11.88494;0.7;0.54543;431.3181;;
Bosnia and Herzegovina [Europe];2004;Female;null;0.0;null;9.00482;0.0;0.31845;538.7858;;
Luxembourg [Europe];2004;Male;null;1.1;null;15.86347;3.0;0.98522;532.4285;;
Greece [Europe];2004;Female;null;0.0;null;7.93366;0.1;0.08803;342.8998;;
Poland [Europe];2004;Female;null;0.2;null;7.3725;0.3;0.62333;439.8272;;
United Kingdom of Great Britain and Northern Ireland [Europe];2004;Male;null;3.1;null;10.45136;4.0;0.29559;519.4919;;
Finland [Europe];2004;Female;null;0.0;null;4.71853;0.0;0.52742;313.9966;;
Niue [Western Pacific];2004;Male;null;1.8;null;;2.2;;;;
Burkina Faso [Africa];2004;Both sexes;null;22.5;null;29.06241;16.2;3.23507;693.3173;9.13623;
Georgia [Europe];2004;Both sexes;null;3.4;null;15.54731;19.4;0.64831;896.6879;1.19607;
China [Western Pacific];2004;Male;null;2.8;null;29.87821;10.2;2.33047;823.5555;;
Syrian Arab Republic [Eastern Mediterranean];2004;Male;null;5.2;null;31.93355;4.5;0.42018;662.3239;;
Sweden [Europe];2004;Male;null;1.5;null;8.41959;1.1;0.2214;456.0201;;
Saint Kitts and Nevis [Americas];2004;Female;null;0.0;null;;0.0;;;;
Egypt [Eastern Mediterranean];2004;Both sexes;null;1.5;null;10.72371;10.0;0.2442;768.8781;2.36059;
Honduras [Americas];2004;Female;null;0.2;null;11.59425;0.5;0.12511;608.5063;;
United Arab Emirates [Eastern Mediterranean];2002;null;Not applicable;0.86;null;;;;;;
United Arab Emirates [Eastern Mediterranean];2004;Both sexes;null;0.5;null;20.89182;4.1;0.51876;601.6681;1.14992;
Italy [Europe];2004;Male;null;1.3;null;17.84777;1.4;0.42463;479.331;;
Azerbaijan [Europe];2002;null;Not applicable;3.0;null;;;;;;
Paraguay [Americas];2004;Female;null;0.1;null;4.99665;0.3;0.24529;392.4891;;
Brazil [Americas];2004;Both sexes;null;29.9;null;22.23183;10.6;0.10028;548.9987;1.73584;
Dominican Republic [Americas];2004;Male;null;33.7;null;58.34671;15.6;0.33328;471.6363;;
Suriname [Americas];2004;Female;null;0.0;null;11.84002;0.0;0.25621;524.8953;;
Botswana [Africa];2004;Female;null;0.1;null;12.94619;0.3;2.62742;785.3712;;
South Africa [Africa];2004;Female;null;5.1;null;23.37798;3.4;1.88277;701.7191;;
Mauritius [Africa];2004;Female;null;0.0;null;6.08134;0.0;0.01644;567.594;;
Norway [Europe];2004;Female;null;0.0;null;3.4955;0.0;0.24464;314.838;;
Micronesia (Federated States of) [Western Pacific];2004;Male;null;1.5;null;6.19781;;1.67821;1295.38;;
Grenada [Americas];2004;Male;null;2.7;null;3.36478;5.0;0.65347;968.7422;;
Senegal [Africa];2004;Both sexes;null;17.2;null;24.89342;20.6;3.1843;623.1056;10.25506;
Lithuania [Europe];2004;Female;null;0.1;null;9.87312;0.0;1.93646;477.9044;;
Suriname [Americas];2002;null;Not applicable;4.91;null;;;;;;
Cambodia [Western Pacific];2002;null;Not applicable;21.82;null;;;;;;
Maldives [South-East Asia];2004;Male;null;1.9;null;2.20799;19.2;0.09008;634.0946;;
Suriname [Americas];2004;Both sexes;null;12.9;null;29.37125;14.9;0.32766;625.4579;2.02346;
Honduras [Americas];2004;Both sexes;null;26.4;null;15.93587;10.7;0.4704;568.0104;2.7547;
Lesotho [Africa];2004;Female;null;0.1;null;11.07834;0.2;2.27923;776.2272;;
Chad [Africa];2004;Male;null;39.9;null;33.15619;20.0;5.01687;760.0266;;
Uganda [Africa];2004;Female;null;1.3;null;15.60047;4.4;2.18972;618.174;;
Republic of Korea [Western Pacific];2004;Both sexes;null;2.0;null;16.63318;2.2;0.47072;420.4106;0.79819;
Jordan [Eastern Mediterranean];2002;null;Not applicable;3.2;null;;;;;;
Republic of Moldova [Europe];2004;Both sexes;null;7.8;null;16.67482;1.8;8.96171;926.3645;1.7585;
Bahamas [Americas];2004;Male;null;36.4;null;25.32702;2.0;0.32569;663.1314;;
Ireland [Europe];2004;Female;null;0.0;null;5.11176;0.0;0.32912;353.9013;;
Philippines [Western Pacific];2004;Both sexes;null;24.7;null;10.11326;10.9;0.2361;693.3588;2.42949;
Bhutan [South-East Asia];2004;Male;null;7.4;null;17.41561;13.7;0.5596;623.0157;;
Oman [Eastern Mediterranean];2004;Female;null;0.0;null;11.40154;0.0;0.07747;723.406;;
Finland [Europe];2002;null;Not applicable;2.83;null;;;;;;
Senegal [Africa];2004;Male;null;27.2;null;34.5606;21.6;4.09945;671.2913;;
United Kingdom of Great Britain and Northern Ireland [Europe];2004;Female;null;0.3;null;3.43985;0.6;0.20122;358.0956;;
India [South-East Asia];2004;Both sexes;null;6.5;null;15.59623;26.3;0.50403;615.8517;5.00597;
Armenia [Europe];2004;Both sexes;null;3.2;null;18.46227;13.8;1.12457;676.3682;0.87456;
Republic of Moldova [Europe];2004;Male;null;10.7;null;26.95964;2.8;12.88388;1153.494;;
Ghana [Africa];2004;Female;null;0.7;null;14.71554;3.9;1.55032;611.4062;;
Cambodia [Western Pacific];2004;Female;null;0.4;null;9.8146;1.8;0.51188;637.6902;;
Micronesia (Federated States of) [Western Pacific];2004;Female;null;0.0;null;3.13299;;0.52355;996.7928;;
Central African Republic [Africa];2004;Both sexes;null;36.0;null;33.64879;24.4;3.47928;1008.958;12.22871;
Bahamas [Americas];2004;Both sexes;null;22.4;null;15.98431;1.9;0.22496;563.099;1.70946;
Panama [Americas];2004;Male;null;22.3;null;23.17666;9.9;0.66004;437.0951;;
Central African Republic [Africa];2002;null;Not applicable;28.6;null;;;;;;
Costa Rica [Americas];2002;null;Not applicable;6.78;null;;;;;;
Angola [Africa];2004;Female;null;1.0;null;21.9593;4.7;2.36179;667.7593;;
Antigua and Barbuda [Americas];2004;Male;null;12.7;null;5.26191;11.3;1.44846;585.883;;
Netherlands [Europe];2004;Female;null;0.1;null;3.19427;0.0;0.11473;348.1576;;
Japan [Western Pacific];2004;Female;null;0.3;null;6.24534;0.1;0.16345;205.2682;;
Azerbaijan [Europe];2004;Male;null;4.8;null;17.10014;25.5;1.3515;1045.313;;
Guyana [Americas];2002;null;Not applicable;10.55;null;;;;;;
Nigeria [Africa];2002;null;Not applicable;28.75;null;;;;;;
Mali [Africa];2004;Both sexes;null;23.5;null;24.46423;31.2;3.63852;665.2017;10.40511;
Rwanda [Africa];2004;Female;null;0.5;null;23.38891;2.0;3.2624;674.0532;;
Afghanistan [Eastern Mediterranean];2004;Male;null;6.5;null;22.76968;25.8;0.86953;1056.335;;
Cameroon [Africa];2004;Male;null;30.2;null;43.55688;20.6;3.66954;882.0368;;
Niue [Western Pacific];2002;null;Not applicable;1.07;null;;;;;;
China [Western Pacific];2004;Both sexes;null;2.1;null;20.54032;11.9;2.0114;673.3764;1.55522;
Sao Tome and Principe [Africa];2004;Male;null;9.9;null;43.44028;;1.56757;631.7794;;
Congo [Africa];2004;Both sexes;null;23.5;null;25.80853;20.3;2.09607;824.3923;5.38661;
France [Europe];2004;Both sexes;null;0.8;null;8.91134;0.8;0.42265;362.3329;0.57662;
Saint Lucia [Americas];2004;Both sexes;null;22.4;null;20.3929;10.6;0.19972;546.5042;1.58497;
Spain [Europe];2004;Male;null;1.7;null;18.20615;1.3;0.5123;502.1011;;
Guyana [Americas];2004;Female;null;0.0;null;11.50979;0.1;0.1618;778.445;;
Bulgaria [Europe];2002;null;Not applicable;2.74;null;;;;;;
Democratic People's Republic of Korea [South-East Asia];2004;Female;null;0.6;null;12.05117;1.3;1.00292;569.0336;;
Haiti [Americas];2004;Female;null;0.1;null;12.43221;1.1;0.91352;953.4293;;
Colombia [Americas];2004;Both sexes;null;81.7;null;17.47554;9.4;0.15976;400.3552;1.76632;
Belize [Americas];2002;null;Not applicable;15.49;null;;;;;;
Senegal [Africa];2002;null;Not applicable;13.26;null;;;;;;
Niue [Western Pacific];2004;Both sexes;null;1.0;null;;2.4;;;3.03792;
Guinea-Bissau [Africa];2004;Female;null;0.0;null;22.16522;0.4;1.65583;654.7846;;
Somalia [Eastern Mediterranean];2004;Male;null;2.4;null;39.54039;22.8;7.08921;978.0466;;
Marshall Islands [Western Pacific];2004;Both sexes;null;1.7;null;;6.8;;;3.40744;
Croatia [Europe];2002;null;Not applicable;1.7;null;;;;;;
Afghanistan [Eastern Mediterranean];2004;Female;null;0.1;null;7.11146;6.0;4.1155;1019.607;;
Cambodia [Western Pacific];2004;Male;null;39.2;null;25.87782;23.7;1.01172;850.8337;;
Zimbabwe [Africa];2004;Female;null;0.7;null;10.56729;2.0;2.45284;631.9901;;
Samoa [Western Pacific];2004;Male;null;1.9;null;20.80581;1.9;0.83119;909.4097;;
Sweden [Europe];2004;Both sexes;null;1.3;null;5.57275;0.8;0.21472;376.6507;0.56965;
Myanmar [South-East Asia];2002;null;Not applicable;18.51;null;;;;;;
Malaysia [Western Pacific];2004;Both sexes;null;10.2;null;25.48962;4.4;0.6851;581.3911;1.63458;
Ghana [Africa];2004;Both sexes;null;14.1;null;25.4368;22.9;2.14945;677.5735;7.08075;
Comoros [Africa];2004;Female;null;0.0;null;18.72625;0.1;2.37856;607.0278;;
Mozambique [Africa];2004;Both sexes;null;25.6;null;33.10305;19.9;3.97912;755.7267;11.71559;
Estonia [Europe];2004;Both sexes;null;7.7;null;13.86067;2.3;1.52386;665.3738;1.26605;
Yemen [Eastern Mediterranean];2002;null;Not applicable;3.08;null;;;;;;
Turkmenistan [Europe];2004;Male;null;17.0;null;27.7507;34.3;1.95297;1227.362;;
Namibia [Africa];2002;null;Not applicable;32.62;null;;;;;;
Saudi Arabia [Eastern Mediterranean];2004;Female;null;0.2;null;11.79006;1.0;0.66418;649.6883;;
Saint Vincent and the Grenadines [Americas];2004;Female;null;0.0;null;4.65063;0.0;0.04939;574.6247;;
Uruguay [Americas];2004;Female;null;0.0;null;6.29539;0.0;0.24762;397.5841;;
Azerbaijan [Europe];2004;Both sexes;null;2.9;null;10.68773;23.4;0.97799;900.9445;1.98578;
Venezuela (Bolivarian Republic of) [Americas];2004;Female;null;0.6;null;10.97749;1.1;0.14188;373.798;;
Marshall Islands [Western Pacific];2004;Male;null;3.3;null;;5.3;;;;
Turkmenistan [Europe];2004;Female;null;0.1;null;7.27693;0.6;0.90475;821.5847;;
Ecuador [Americas];2004;Female;null;0.3;null;6.4284;0.6;0.42513;409.1292;;
Austria [Europe];2004;Female;null;0.0;null;5.30284;0.1;0.12454;335.7056;;
Sierra Leone [Africa];2004;Male;null;71.2;null;39.71984;38.9;4.2565;712.2658;;
Dominican Republic [Americas];2004;Both sexes;null;18.6;null;35.99186;14.3;0.29071;421.7967;2.19708;
Sweden [Europe];2004;Female;null;0.0;null;2.77645;0.0;0.20817;314.2472;;
Nauru [Western Pacific];2004;Both sexes;null;12.6;null;;;;;3.25114;
Ecuador [Americas];2004;Male;null;45.9;null;21.0763;9.9;0.63266;524.8441;;
Colombia [Americas];2004;Female;null;2.4;null;7.34937;1.9;0.08273;366.7477;;
Angola [Africa];2002;null;Not applicable;51.06;null;;;;;;
Ghana [Africa];2002;null;Not applicable;10.68;null;;;;;;
Guinea-Bissau [Africa];2004;Both sexes;null;21.2;null;31.50841;25.9;2.68431;788.4716;7.14485;
Guyana [Americas];2004;Male;null;35.5;null;46.60104;19.3;0.49277;982.915;;
Nicaragua [Americas];2004;Female;null;0.1;null;6.26167;0.3;0.20563;490.8083;;
Ukraine [Europe];2004;Female;null;1.8;null;8.93404;0.6;2.63292;680.1426;;
Algeria [Africa];2004;Both sexes;null;9.8;null;22.47634;17.1;1.03971;555.9263;2.37171;
Malta [Europe];2004;Both sexes;null;0.8;null;3.4755;1.9;0.08791;430.2291;0.67662;
Cabo Verde [Africa];2004;Both sexes;null;12.1;null;23.87111;7.4;0.48642;467.4895;2.01088;
Indonesia [South-East Asia];2004;Male;null;15.6;null;21.82144;12.0;0.65297;742.8374;;
Antigua and Barbuda [Americas];2004;Female;null;0.0;null;0.0;0.0;0.05168;463.3059;;
Yemen [Eastern Mediterranean];2004;Male;null;5.5;null;29.18287;28.3;2.94025;846.6786;;
Jordan [Eastern Mediterranean];2004;Female;null;0.0;null;15.01386;0.4;1.23318;689.1752;;
United States of America [Americas];2004;Male;null;9.6;null;21.8058;3.5;0.47055;529.3558;;
Panama [Americas];2002;null;Not applicable;9.72;null;;;;;;
Tajikistan [Europe];2004;Female;null;0.1;null;8.33392;1.2;0.87356;773.1904;;
Mauritania [Africa];2002;null;Not applicable;15.47;null;;;;;;
Burundi [Africa];2004;Male;null;83.7;null;41.5522;22.4;3.291;901.2403;;
Uruguay [Americas];2004;Both sexes;null;4.9;null;13.90944;3.6;0.42657;521.8799;1.30042;
Georgia [Europe];2002;null;Not applicable;3.5;null;;;;;;
Barbados [Americas];2004;Both sexes;null;14.5;null;16.71008;8.1;0.10643;498.8527;1.49875;
Grenada [Americas];2004;Female;null;0.0;null;0.46496;0.0;0.06434;479.9794;;
Israel [Europe];2004;Both sexes;null;4.9;null;7.73859;2.3;0.03562;387.2275;0.68751;
Somalia [Eastern Mediterranean];2002;null;Not applicable;38.62;null;;;;;;
Monaco [Europe];2004;Female;null;0.0;null;;0.0;;;;
Gambia [Africa];2002;null;Not applicable;11.82;null;;;;;;
United Arab Emirates [Eastern Mediterranean];2004;Female;null;0.0;null;10.18178;0.1;0.10485;523.5662;;
Nicaragua [Americas];2004;Male;null;31.4;null;25.70578;10.9;0.56041;647.2017;;
Belgium [Europe];2004;Both sexes;null;1.6;null;11.43117;1.2;0.57737;408.4439;0.66181;
Bolivia (Plurinational State of) [Americas];2004;Male;null;7.4;null;20.74212;15.3;0.97239;612.5527;;
Libya [Eastern Mediterranean];2004;Male;null;5.5;null;31.46175;7.8;1.25305;522.7065;;
Bahrain [Eastern Mediterranean];2004;Both sexes;null;1.1;null;15.66556;2.7;0.22274;849.8815;1.24436;
Andorra [Europe];2004;Female;null;0.0;null;;0.0;;;;
Niue [Western Pacific];2004;Female;null;0.0;null;;0.0;;;;
Poland [Europe];2004;Male;null;2.2;null;27.02152;3.7;1.68547;799.9812;;
Netherlands [Europe];2004;Both sexes;null;1.2;null;5.57494;1.2;0.1295;424.6453;0.63817;
Comoros [Africa];2002;null;Not applicable;8.97;null;;;;;;
Eritrea [Africa];2002;null;Not applicable;9.64;null;;;;;;
Albania [Europe];2004;Both sexes;null;6.7;null;14.65429;5.3;0.51017;558.5732;1.60437;
Cameroon [Africa];2004;Female;null;0.6;null;12.10995;2.6;2.14454;675.5907;;
Algeria [Africa];2004;Female;null;0.9;null;14.01115;2.9;0.78108;529.8498;;
Romania [Europe];2002;null;Not applicable;3.22;null;;;;;;
Andorra [Europe];2002;null;Not applicable;0.77;null;;;;;;
Maldives [South-East Asia];2004;Female;null;0.0;null;0.95713;0.0;0.0667;590.7391;;
San Marino [Europe];2004;Both sexes;null;0.0;null;;;;;0.56919;
India [South-East Asia];2004;Male;null;8.6;null;23.60447;24.7;0.58818;703.1933;;
Guatemala [Americas];2004;Female;null;0.6;null;1.80171;1.1;0.85721;453.1007;;
United Republic of Tanzania [Africa];2002;null;Not applicable;30.11;null;;;;;;
Mozambique [Africa];2004;Female;null;0.9;null;17.94327;3.9;2.59241;596.8509;;
Kiribati [Western Pacific];2002;null;Not applicable;7.26;null;;;;;;
Tajikistan [Europe];2002;null;Not applicable;7.99;null;;;;;;
Guyana [Americas];2004;Both sexes;null;23.8;null;29.09873;22.3;0.32769;875.261;2.42952;
Togo [Africa];2004;Female;null;0.2;null;19.95188;1.3;1.64933;635.5494;;
Uzbekistan [Europe];2002;null;Not applicable;4.49;null;;;;;;
Bolivia (Plurinational State of) [Americas];2004;Both sexes;null;4.4;null;15.13941;15.0;0.89238;596.4451;3.382;
Eswatini [Africa];2004;Both sexes;null;25.8;null;30.40904;25.7;4.96883;1225.529;3.56679;
United Arab Emirates [Eastern Mediterranean];2004;Male;null;0.6;null;25.65995;4.5;0.70303;649.4035;;
Sri Lanka [South-East Asia];2004;Female;null;0.2;null;5.43329;0.5;0.5981;453.9229;;
Andorra [Europe];2004;Male;null;1.1;null;;0.8;;;;
Zimbabwe [Africa];2004;Both sexes;null;37.7;null;34.8446;23.2;2.76241;667.0287;6.78966;
Chile [Americas];2002;null;Not applicable;5.59;null;;;;;;
Armenia [Europe];2004;Female;null;0.0;null;9.67343;0.1;0.74389;559.9531;;
Grenada [Americas];2004;Both sexes;null;4.7;null;1.9167;7.2;0.35928;686.7384;1.7407;
Brazil [Americas];2002;null;Not applicable;31.09;null;;;;;;
Belarus [Europe];2002;null;Not applicable;11.75;null;;;;;;
Mongolia [Western Pacific];2004;Male;null;5.9;null;32.33728;16.9;6.52247;1551.386;;
Romania [Europe];2004;Both sexes;null;2.9;null;12.28572;2.9;3.98231;728.2761;1.61201;
Morocco [Eastern Mediterranean];2004;Female;null;0.1;null;7.55722;1.8;1.17506;655.1973;;
Burkina Faso [Africa];2002;null;Not applicable;17.13;null;;;;;;
Niger [Africa];2004;Male;null;45.1;null;35.78974;16.4;4.85794;636.9012;;
Ukraine [Europe];2004;Both sexes;null;10.6;null;20.58348;7.0;7.58701;906.1452;1.71558;
Guinea [Africa];2004;Both sexes;null;20.5;null;30.57453;24.5;2.80298;639.8863;9.87027;
Nauru [Western Pacific];2002;null;Not applicable;10.89;null;;;;;;
Cameroon [Africa];2002;null;Not applicable;12.96;null;;;;;;
Fiji [Western Pacific];2002;null;Not applicable;0.86;null;;;;;;
Cyprus [Europe];2004;Both sexes;null;0.2;null;14.58558;0.9;0.00335;425.9886;0.85677;
Luxembourg [Europe];2004;Both sexes;null;1.2;null;11.50896;2.7;0.83103;415.4779;0.49501;
Croatia [Europe];2004;Female;null;0.0;null;5.57956;0.0;0.45173;448.7747;;
Australia [Western Pacific];2002;null;Not applicable;1.44;null;;;;;;
Turkmenistan [Europe];2002;null;Not applicable;11.47;null;;;;;;
Czechia [Europe];2004;Male;null;1.6;null;21.01889;2.3;1.64812;739.535;;
Burundi [Africa];2002;null;Not applicable;23.44;null;;;;;;
Oman [Eastern Mediterranean];2002;null;Not applicable;2.09;null;;;;;;
Kiribati [Western Pacific];2004;Female;null;0.0;null;6.2593;;1.40942;1167.527;;
Belgium [Europe];2002;null;Not applicable;1.68;null;;;;;;
Saint Lucia [Americas];2002;null;Not applicable;7.34;null;;;;;;
Kazakhstan [Europe];2004;Both sexes;null;16.2;null;25.41637;28.5;4.8997;984.785;2.31453;
Tuvalu [Western Pacific];2004;Both sexes;null;1.9;null;;2.5;;;3.27098;
C\u00f4te d'Ivoire [Africa];2004;Both sexes;null;62.4;null;26.46004;42.1;2.65494;744.6774;10.74632;
Syrian Arab Republic [Eastern Mediterranean];2002;null;Not applicable;3.16;null;;;;;;
Lebanon [Eastern Mediterranean];2002;null;Not applicable;2.99;null;;;;;;
Spain [Europe];2004;Both sexes;null;1.3;null;11.67442;1.2;0.38712;379.6921;0.70068;
Cook Islands [Western Pacific];2004;Male;null;1.6;null;;1.8;;;;
Congo [Africa];2004;Male;null;39.1;null;30.80899;22.7;2.48747;846.8438;;
Eswatini [Africa];2004;Female;null;0.1;null;13.31232;0.2;4.66616;1047.094;;
Tonga [Western Pacific];2004;Both sexes;null;0.6;null;12.97224;2.0;1.50961;684.8712;1.8625;
Russian Federation [Europe];2004;Both sexes;null;26.7;null;29.91241;3.9;8.95348;966.3377;2.13761;
Israel [Europe];2002;null;Not applicable;0.74;null;;;;;;
Viet Nam [Western Pacific];2004;Both sexes;null;4.3;null;24.88237;9.3;1.12516;588.4679;2.22294;
Kuwait [Eastern Mediterranean];2004;Male;null;1.4;null;35.79502;5.8;0.65094;433.9195;;
Tuvalu [Western Pacific];2004;Male;null;3.3;null;;1.9;;;;
Cyprus [Europe];2004;Male;null;0.3;null;22.78492;1.0;0.00483;514.0847;;
Benin [Africa];2002;null;Not applicable;12.7;null;;;;;;
Hungary [Europe];2002;null;Not applicable;2.34;null;;;;;;
Singapore [Western Pacific];2004;Male;null;1.9;null;9.80692;1.3;0.03873;402.2083;;
Mozambique [Africa];2002;null;Not applicable;11.96;null;;;;;;
Monaco [Europe];2002;null;Not applicable;0.95;null;;;;;;
Madagascar [Africa];2004;Male;null;23.0;null;34.62613;27.6;3.80748;795.1097;;
Switzerland [Europe];2004;Male;null;0.9;null;11.47397;1.7;0.12005;432.3494;;
Egypt [Eastern Mediterranean];2002;null;Not applicable;1.46;null;;;;;;
Nepal [South-East Asia];2004;Female;null;0.7;null;10.10227;2.9;1.04106;487.1555;;
Micronesia (Federated States of) [Western Pacific];2002;null;Not applicable;1.27;null;;;;;;
Morocco [Eastern Mediterranean];2002;null;Not applicable;1.32;null;;;;;;
Iceland [Europe];2002;null;Not applicable;0.58;null;;;;;;
Ecuador [Americas];2004;Both sexes;null;25.1;null;13.77572;9.0;0.52923;463.1761;2.36802;
Niger [Africa];2004;Both sexes;null;26.9;null;27.90663;16.8;3.95786;618.3465;17.17454;
Australia [Western Pacific];2004;Both sexes;null;1.3;null;8.2094;0.6;0.35754;351.2596;0.60357;
United States of America [Americas];2002;null;Not applicable;5.67;null;;;;;;
Iraq [Eastern Mediterranean];2004;Female;null;0.2;null;13.03024;7.7;0.42197;597.3177;;
Panama [Americas];2004;Both sexes;null;12.3;null;13.88653;9.0;0.48745;382.4737;1.89636;
Lao People's Democratic Republic [Western Pacific];2004;Male;null;9.7;null;19.20099;14.2;1.3489;890.7197;;
Yemen [Eastern Mediterranean];2004;Both sexes;null;3.2;null;22.38986;25.7;2.40419;762.2051;3.98713;
Romania [Europe];2004;Female;null;0.2;null;6.1384;0.1;2.70769;588.1259;;
Cabo Verde [Africa];2004;Male;null;19.6;null;38.10563;8.2;0.72076;600.8325;;
Antigua and Barbuda [Americas];2004;Both sexes;null;7.5;null;2.4892;9.8;0.71244;519.1674;1.47516;
Belarus [Europe];2004;Male;null;13.1;null;36.91716;1.9;12.44757;1223.021;;
Thailand [South-East Asia];2004;Female;null;1.0;null;15.62612;1.6;0.20141;392.6934;;
Saudi Arabia [Eastern Mediterranean];2004;Both sexes;null;3.1;null;23.03234;7.4;0.80291;693.0622;1.92556;
Iran (Islamic Republic of) [Eastern Mediterranean];2002;null;Not applicable;5.05;null;;;;;;
Chad [Africa];2004;Both sexes;null;23.8;null;25.05454;18.1;3.85354;666.4847;13.0222;
Mongolia [Western Pacific];2004;Female;null;0.0;null;9.89851;0.2;2.81199;987.5499;;
Argentina [Americas];2002;null;Not applicable;8.85;null;;;;;;
Lithuania [Europe];2004;Both sexes;null;8.2;null;23.60155;2.3;5.72546;646.7481;1.31401;
Iceland [Europe];2004;Female;null;0.0;null;4.89453;0.0;0.0;305.541;;
Monaco [Europe];2004;Male;null;1.2;null;;0.2;;;;
Guinea [Africa];2002;null;Not applicable;29.6;null;;;;;;
Tunisia [Eastern Mediterranean];2004;Male;null;3.0;null;33.054;9.9;1.07518;612.126;;
Slovenia [Europe];2004;Both sexes;null;1.9;null;14.37023;2.1;0.6548;476.1814;0.67437;
Syrian Arab Republic [Eastern Mediterranean];2004;Female;null;0.1;null;11.32353;0.4;0.46804;659.2863;;
Peru [Americas];2004;Both sexes;null;3.4;null;15.35609;6.7;0.57366;344.9102;2.32065;
Belize [Americas];2004;Female;null;0.0;null;8.97698;0.0;0.36247;477.2957;;
Mauritius [Africa];2004;Male;null;4.2;null;24.85048;6.4;0.65972;896.5522;;
Mali [Africa];2004;Male;null;41.6;null;29.35104;34.6;3.91746;637.1101;;
United Kingdom of Great Britain and Northern Ireland [Europe];2002;null;Not applicable;1.15;null;;;;;;
Cuba [Americas];2004;Female;null;0.1;null;4.93633;0.0;0.17059;381.9016;;
Chad [Africa];2004;Female;null;0.4;null;17.01021;1.7;2.69843;585.924;;
Slovakia [Europe];2004;Both sexes;null;1.8;null;14.45105;4.3;0.94272;638.1589;0.9664;
Morocco [Eastern Mediterranean];2004;Male;null;2.1;null;40.34035;13.6;0.94926;632.4947;;
Greece [Europe];2004;Both sexes;null;0.8;null;17.49;2.6;0.24776;426.2757;0.68451;
Turkey [Europe];2004;Male;null;4.7;null;9.76347;12.3;0.61017;624.1576;;
Qatar [Eastern Mediterranean];2004;Male;null;0.8;null;40.66444;6.0;0.52414;699.0929;;
Dominica [Americas];2002;null;Not applicable;4.58;null;;;;;;
Sudan [Eastern Mediterranean];2004;Male;null;51.0;null;35.26273;26.6;2.63988;714.8471;;
Trinidad and Tobago [Americas];2004;Female;null;0.1;null;7.98025;0.0;0.07792;568.0856;;
Equatorial Guinea [Africa];2004;Female;null;0.0;null;15.84807;0.1;1.69126;624.189;;
Turkey [Europe];2002;null;Not applicable;3.67;null;;;;;;
Nauru [Western Pacific];2004;Male;null;4.4;null;;;;;;
Greece [Europe];2004;Male;null;1.2;null;27.21521;2.9;0.41031;521.9389;;
Libya [Eastern Mediterranean];2004;Female;null;0.0;null;10.29593;0.3;0.64065;409.1868;;
Russian Federation [Europe];2002;null;Not applicable;29.64;null;;;;;;
Ethiopia [Africa];2004;Both sexes;null;25.7;null;24.82102;15.9;6.41658;653.421;11.80494;
Albania [Europe];2004;Male;null;11.5;null;22.91743;5.4;0.63768;670.3858;;
Indonesia [South-East Asia];2004;Both sexes;null;9.7;null;14.38919;11.0;0.41947;689.7083;6.06036;
Iran (Islamic Republic of) [Eastern Mediterranean];2004;Female;null;0.4;null;18.70256;4.5;1.12918;484.9613;;
Democratic Republic of the Congo [Africa];2002;null;Not applicable;27.34;null;;;;;;
Armenia [Europe];2004;Male;null;6.0;null;28.36485;14.4;1.5535;828.2207;;
Kuwait [Eastern Mediterranean];2002;null;Not applicable;1.26;null;;;;;;
Jordan [Eastern Mediterranean];2004;Male;null;12.7;null;30.0037;11.1;0.87224;517.7368;;
Pakistan [Eastern Mediterranean];2004;Male;null;6.1;null;14.68023;20.8;2.29778;910.4332;;
Italy [Europe];2004;Female;null;0.2;null;4.33247;0.2;0.21211;290.1126;;
Malawi [Africa];2004;Female;null;0.4;null;15.89246;2.0;1.96369;624.68;;
Brazil [Americas];2004;Male;null;55.6;null;36.33449;11.8;0.14281;671.7964;;
Greece [Europe];2002;null;Not applicable;1.01;null;;;;;;
Cuba [Americas];2002;null;Not applicable;4.99;null;;;;;;
Sao Tome and Principe [Africa];2004;Both sexes;null;6.3;null;28.77356;;0.8553;599.8421;5.43656;
Nepal [South-East Asia];2004;Both sexes;null;16.9;null;15.88554;14.0;1.73942;491.3463;3.89263;
Malawi [Africa];2004;Both sexes;null;25.1;null;32.92373;17.1;2.75343;740.776;7.92902;
Georgia [Europe];2004;Female;null;0.0;null;6.83631;0.2;0.47101;716.8951;;
Viet Nam [Western Pacific];2004;Female;null;0.7;null;10.3208;3.9;0.36117;445.644;;
Malaysia [Western Pacific];2004;Male;null;17.9;null;41.03165;5.0;0.98287;643.0001;;
Sweden [Europe];2002;null;Not applicable;1.0;null;;;;;;
Kyrgyzstan [Europe];2004;Male;null;15.1;null;28.58152;23.7;2.90213;1001.43;;
Mauritius [Africa];2002;null;Not applicable;2.6;null;;;;;;
Maldives [South-East Asia];2002;null;Not applicable;11.23;null;;;;;;
Norway [Europe];2004;Both sexes;null;0.8;null;6.28505;0.3;0.42224;387.4078;0.59683;
Kazakhstan [Europe];2002;null;Not applicable;19.89;null;;;;;;
Tuvalu [Western Pacific];2004;Female;null;0.0;null;;0.0;;;;
Ireland [Europe];2002;null;Not applicable;1.02;null;;;;;;
Malta [Europe];2004;Male;null;0.7;null;5.77002;2.3;0.17576;527.3565;;
Kuwait [Eastern Mediterranean];2004;Both sexes;null;1.2;null;25.44878;5.3;0.50917;402.0507;1.32085;
Mauritania [Africa];2004;Female;null;0.1;null;22.39089;0.5;1.25408;550.0552;;
Kiribati [Western Pacific];2004;Both sexes;null;6.5;null;18.78495;;2.15414;1389.004;4.69363;
Comoros [Africa];2004;Male;null;17.6;null;35.07484;22.0;3.31905;660.4281;;
Croatia [Europe];2004;Both sexes;null;1.6;null;14.30241;2.1;0.91963;577.1274;0.73048;
Oman [Eastern Mediterranean];2004;Male;null;2.4;null;38.93947;3.6;2.29606;868.045;;
Slovenia [Europe];2004;Male;null;2.7;null;23.30099;2.6;0.88846;639.9436;;
Seychelles [Africa];2004;Both sexes;null;3.2;null;9.15458;5.0;0.68627;639.949;1.4837;
Seychelles [Africa];2004;Male;null;5.5;null;14.7295;5.2;0.75021;833.4398;;
Solomon Islands [Western Pacific];2002;null;Not applicable;1.47;null;;;;;;
Switzerland [Europe];2004;Female;null;0.0;null;3.07229;0.0;0.03198;276.9754;;
India [South-East Asia];2004;Female;null;20.3;null;6.91308;193.4;0.41278;533.002;;
El Salvador [Americas];2002;null;Not applicable;42.39;null;;;;;;
Lebanon [Eastern Mediterranean];2004;Both sexes;null;2.7;null;17.52974;11.0;0.63681;555.4968;1.70243;
Australia [Western Pacific];2004;Female;null;0.1;null;4.54947;0.0;0.17045;285.1349;;
Saudi Arabia [Eastern Mediterranean];2002;null;Not applicable;2.85;null;;;;;;
El Salvador [Americas];2004;Both sexes;null;41.2;null;35.62535;8.4;0.29615;421.0858;1.95152;
Senegal [Africa];2004;Female;null;0.4;null;15.64488;2.0;2.30878;585.1738;;
Malawi [Africa];2002;null;Not applicable;11.45;null;;;;;;
Uganda [Africa];2004;Male;null;55.6;null;49.76067;17.6;4.01856;949.5828;;
Saint Kitts and Nevis [Americas];2004;Both sexes;null;11.3;null;;4.0;;;1.85968;
Israel [Europe];2004;Male;null;7.2;null;12.17829;2.5;0.03679;459.5959;;
Thailand [South-East Asia];2004;Male;null;10.7;null;62.82821;8.2;0.50925;507.7032;;
Botswana [Africa];2004;Both sexes;null;24.2;null;29.80921;31.6;2.92768;980.6343;4.62675;
Democratic Republic of the Congo [Africa];2004;Female;null;2.4;null;26.2581;16.4;1.18935;655.4059;;
Ecuador [Americas];2002;null;Not applicable;24.77;null;;;;;;
Gambia [Africa];2004;Female;null;0.0;null;15.16768;0.3;2.18696;573.5737;;
Germany [Europe];2004;Female;null;0.3;null;3.99856;0.4;0.06999;342.9335;;
Estonia [Europe];2004;Female;null;0.0;null;6.46545;0.0;0.44447;480.4619;;
South Africa [Africa];2004;Both sexes;null;70.8;null;41.26669;13.1;2.10244;801.7928;4.93026;
Gambia [Africa];2004;Male;null;25.4;null;36.81726;27.7;3.96767;737.9048;;
Malaysia [Western Pacific];2004;Female;null;0.3;null;9.19477;0.6;0.37291;520.2494;;
Switzerland [Europe];2004;Both sexes;null;0.9;null;7.18214;1.5;0.07506;344.0188;0.59225;
Egypt [Eastern Mediterranean];2004;Female;null;0.2;null;6.20555;4.7;0.20434;642.7813;;
Angola [Africa];2004;Male;null;84.5;null;29.83948;35.9;5.08306;882.4595;;
C\u00f4te d'Ivoire [Africa];2004;Male;null;103.4;null;38.13876;50.1;3.78486;887.3144;;
Estonia [Europe];2002;null;Not applicable;14.17;null;;;;;;
Finland [Europe];2004;Both sexes;null;2.4;null;7.63042;1.3;0.94998;413.8352;0.63749;
Kazakhstan [Europe];2004;Male;null;25.0;null;39.42599;33.3;7.58575;1312.95;;
Central African Republic [Africa];2004;Male;null;62.6;null;42.89804;26.0;4.99437;1183.583;;
Canada [Americas];2004;Both sexes;null;1.4;null;8.94533;1.7;0.35634;376.5039;0.69519;
Djibouti [Eastern Mediterranean];2004;Male;null;7.1;null;38.82595;25.5;3.08187;712.0298;;
Rwanda [Africa];2002;null;Not applicable;25.39;null;;;;;;
Sudan [Eastern Mediterranean];2004;Female;null;1.9;null;15.98428;7.8;1.73203;617.333;;
Cyprus [Europe];2004;Female;null;0.0;null;6.16241;0.0;0.00182;349.8436;;
Bhutan [South-East Asia];2004;Both sexes;null;5.7;null;13.14947;13.6;0.47583;598.5207;4.50789;
Bolivia (Plurinational State of) [Americas];2002;null;Not applicable;4.74;null;;;;;;
Vanuatu [Western Pacific];2004;Both sexes;null;1.0;null;14.20712;2.2;0.83341;999.9222;2.5903;
Botswana [Africa];2002;null;Not applicable;7.34;null;;;;;;
Monaco [Europe];2004;Both sexes;null;0.9;null;;0.2;;;0.61335;
Qatar [Eastern Mediterranean];2004;Both sexes;null;0.9;null;29.46908;5.8;0.3692;773.7075;1.38811;
New Zealand [Western Pacific];2004;Female;null;0.0;null;7.0789;0.0;0.11486;352.1528;;
Fiji [Western Pacific];2004;Male;null;1.3;null;18.70091;2.8;0.4255;1176.509;;
Ghana [Africa];2004;Male;null;20.1;null;35.94458;23.3;2.73666;753.4284;;
Bosnia and Herzegovina [Europe];2004;Both sexes;null;1.8;null;18.14466;2.6;0.44221;618.7427;0.77204;
Portugal [Europe];2004;Both sexes;null;1.6;null;19.07186;1.9;0.25438;430.2889;0.93602;
Pakistan [Eastern Mediterranean];2004;Female;null;2.4;null;14.07675;21.6;2.46627;783.4079;;
Togo [Africa];2004;Male;null;27.0;null;42.37421;27.9;3.37567;878.164;;
China [Western Pacific];2002;null;Not applicable;2.84;null;;;;;;
Cambodia [Western Pacific];2004;Both sexes;null;21.6;null;17.60995;21.5;0.75445;727.1653;4.35188;
Sri Lanka [South-East Asia];2002;null;Not applicable;7.81;null;;;;;;
Tonga [Western Pacific];2004;Male;null;1.1;null;19.81858;1.8;1.84669;915.1865;;
Ukraine [Europe];2002;null;Not applicable;13.92;null;;;;;;
Mexico [Americas];2004;Male;null;17.8;null;23.88006;10.3;1.01904;534.1182;;
France [Europe];2004;Female;null;0.2;null;4.39173;0.1;0.33458;267.4059;;
North Macedonia [Europe];2004;Female;null;0.0;null;3.17786;0.0;0.4237;752.4974;;
Barbados [Americas];2004;Female;null;0.0;null;3.77619;0.0;0.18329;454.026;;
Belize [Americas];2004;Both sexes;null;28.0;null;23.49785;17.8;0.59018;521.975;2.29752;
Pakistan [Eastern Mediterranean];2002;null;Not applicable;5.61;null;;;;;;
Denmark [Europe];2002;null;Not applicable;1.06;null;;;;;;
Grenada [Americas];2002;null;Not applicable;4.57;null;;;;;;
Burkina Faso [Africa];2004;Male;null;37.2;null;37.26964;16.1;3.81739;803.3687;;
Saint Vincent and the Grenadines [Americas];2002;null;Not applicable;14.58;null;;;;;;
Guatemala [Americas];2002;null;Not applicable;47.8;null;;;;;;
Samoa [Western Pacific];2004;Both sexes;null;1.0;null;15.11784;1.7;0.55669;814.1533;1.17105;
Afghanistan [Eastern Mediterranean];2002;null;Not applicable;4.65;null;;;;;;
Republic of Moldova [Europe];2004;Female;null;0.1;null;7.2283;0.0;5.35924;770.736;;
Saint Vincent and the Grenadines [Americas];2004;Both sexes;null;16.6;null;7.37191;11.7;0.04625;640.9305;2.09602;
Azerbaijan [Europe];2004;Female;null;0.1;null;4.47927;0.6;0.61636;777.01;;
Mauritania [Africa];2004;Both sexes;null;17.6;null;26.67351;21.7;1.47344;509.1068;2.8161;
Somalia [Eastern Mediterranean];2004;Female;null;0.1;null;15.79914;2.0;2.66751;667.7976;;
Georgia [Europe];2004;Male;null;6.2;null;25.11802;22.0;0.8431;1161.373;;
Republic of Moldova [Europe];2002;null;Not applicable;11.85;null;;;;;;
Portugal [Europe];2004;Male;null;2.5;null;30.46115;1.9;0.26882;554.0523;;
Zambia [Africa];2002;null;Not applicable;5.12;null;;;;;;
Croatia [Europe];2004;Male;null;1.9;null;23.69727;2.1;1.42359;753.131;;
Gambia [Africa];2004;Both sexes;null;16.1;null;25.92675;24.9;3.07191;654.8397;7.70685;
Vanuatu [Western Pacific];2004;Female;null;0.0;null;6.96786;0.0;0.28893;829.2511;;
Republic of Korea [Western Pacific];2004;Male;null;2.1;null;23.77697;1.8;0.65095;557.2825;;
Poland [Europe];2002;null;Not applicable;1.65;null;;;;;;
Dominican Republic [Americas];2002;null;Not applicable;11.19;null;;;;;;
Uruguay [Americas];2002;null;Not applicable;5.72;null;;;;;;
Zambia [Africa];2004;Male;null;51.7;null;37.42938;23.0;5.12752;1012.091;;
Ukraine [Europe];2004;Male;null;15.7;null;34.02573;8.1;13.30353;1241.024;;
Saint Kitts and Nevis [Americas];2004;Male;null;23.2;null;;5.7;;;;
Ethiopia [Africa];2002;null;Not applicable;26.46;null;;;;;;
South Africa [Africa];2004;Male;null;121.1;null;59.66228;14.7;2.32834;934.0982;;
Tonga [Western Pacific];2004;Female;null;0.0;null;6.039;0.0;1.16824;501.5768;;
Nigeria [Africa];2004;Male;null;34.9;null;37.62474;25.1;3.8414;678.013;;
Cook Islands [Western Pacific];2004;Both sexes;null;0.8;null;;2.0;;;1.62195;
Gabon [Africa];2004;Female;null;0.0;null;15.96725;0.2;1.17735;646.7931;;
Tonga [Western Pacific];2002;null;Not applicable;0.71;null;;;;;;
Mongolia [Western Pacific];2004;Both sexes;null;3.3;null;21.07039;14.8;4.65938;1237.733;2.40455;
Myanmar [South-East Asia];2004;Male;null;28.0;null;28.24034;31.8;2.51533;941.2272;;
Venezuela (Bolivarian Republic of) [Americas];2004;Male;null;71.3;null;45.34339;8.3;0.37405;533.0504;;
Albania [Europe];2004;Female;null;0.0;null;6.2676;0.1;0.38075;456.4321;;
Barbados [Americas];2002;null;Not applicable;7.63;null;;;;;;
Cameroon [Africa];2004;Both sexes;null;19.0;null;27.77629;18.7;2.90427;768.7594;10.6089;
Gabon [Africa];2002;null;Not applicable;11.2;null;;;;;;
Mongolia [Western Pacific];2002;null;Not applicable;3.58;null;;;;;;
Samoa [Western Pacific];2002;null;Not applicable;1.06;null;;;;;;
Philippines [Western Pacific];2004;Male;null;44.9;null;15.16633;12.6;0.30479;882.1969;;
Hungary [Europe];2004;Both sexes;null;1.9;null;15.15649;5.5;1.05542;695.1255;0.88888;
Benin [Africa];2004;Male;null;25.1;null;39.14853;22.4;4.03243;823.0079;;
North Macedonia [Europe];2004;Both sexes;null;5.1;null;7.77815;10.1;0.69332;871.3481;0.99485;
Belarus [Europe];2004;Both sexes;null;8.9;null;23.02302;1.8;7.40506;857.726;1.25511;
Paraguay [Americas];2004;Male;null;35.9;null;18.94195;9.2;0.30738;495.3236;;
Sierra Leone [Africa];2002;null;Not applicable;60.71;null;;;;;;
Jordan [Eastern Mediterranean];2004;Both sexes;null;7.4;null;22.75887;10.7;1.04669;608.3787;1.61453;
Pakistan [Eastern Mediterranean];2004;Both sexes;null;5.1;null;14.38805;20.7;2.37936;850.4037;4.46496;
Iran (Islamic Republic of) [Eastern Mediterranean];2004;Both sexes;null;2.8;null;39.01015;14.6;1.60623;542.4975;2.60909;
Democratic People's Republic of Korea [South-East Asia];2004;Male;null;32.6;null;33.94639;14.5;1.55483;758.009;;
Eritrea [Africa];2004;Both sexes;null;20.3;null;33.53176;12.1;4.10777;796.4029;6.58086;
Chile [Americas];2004;Female;null;0.1;null;6.44304;0.1;0.37497;359.9832;;
